"year","index","metric","timeseries"
2004,0.099166834243608,"Salmon Node Strength","Puget Sound"
2004,0.015937339058649,"Salmon Importance","Puget Sound"
2004,0.536204268815711,"Non-DTS groundfish Node Strength","Puget Sound"
2004,0.9884658196354,"Non-DTS groundfish Importance","Puget Sound"
2004,0.607883350957464,"Non-DTS groundfish Node Strength","North WA Coast"
2004,0.907809356158409,"Non-DTS groundfish Importance","North WA Coast"
2004,0.119312679106569,"Salmon Node Strength","North WA Coast"
2004,0.157421059833303,"Salmon Importance","North WA Coast"
2004,0.102697338064198,"Salmon Node Strength","WA Coast"
2004,0.125297856410948,"Salmon Importance","WA Coast"
2004,0.482353561251397,"Non-DTS groundfish Node Strength","Astoria"
2004,0.9446214492137,"Non-DTS groundfish Importance","Astoria"
2004,0.0338660714682974,"Salmon Node Strength","Astoria"
2004,0.014547124813473,"Salmon Importance","Astoria"
2004,0.594986949804627,"Salmon Node Strength","Tillamook"
2004,0.83750371538682,"Salmon Importance","Tillamook"
2004,0.0952799141188133,"Non-DTS groundfish Node Strength","Tillamook"
2004,0.140011008150763,"Non-DTS groundfish Importance","Tillamook"
2004,0.214506901093196,"Salmon Node Strength","Newport"
2004,0.377731107657573,"Salmon Importance","Newport"
2004,0.273414677436889,"Salmon Node Strength","Coos Bay"
2004,0.335462477493788,"Salmon Importance","Coos Bay"
2004,0.236295598369618,"Salmon Node Strength","Brookings"
2004,0.39694658924742,"Salmon Importance","Brookings"
2004,0.203723343141245,"Non-DTS groundfish Node Strength","Brookings"
2004,0.321801749218727,"Non-DTS groundfish Importance","Brookings"
2004,0.48695166139276,"Non-DTS groundfish Node Strength","Crescent City"
2004,0.686879159221744,"Non-DTS groundfish Importance","Crescent City"
2004,0.552072372173171,"Non-DTS groundfish Node Strength","Morro Bay"
2004,0.93248923465097,"Non-DTS groundfish Importance","Morro Bay"
2004,0.610043523519557,"Salmon Node Strength","Morro Bay"
2004,1,"Salmon Importance","Morro Bay"
2004,0.324229452335822,"Salmon Node Strength","Fort Bragg"
2004,0.593662472281873,"Salmon Importance","Fort Bragg"
2004,0.282338685271573,"Non-DTS groundfish Node Strength","Fort Bragg"
2004,0.484023496025445,"Non-DTS groundfish Importance","Fort Bragg"
2004,0.995295674799031,"Salmon Node Strength","Bodega Bay"
2004,1,"Salmon Importance","Bodega Bay"
2004,0.00222447008182471,"Non-DTS groundfish Node Strength","Bodega Bay"
2004,6.11948704770301e-06,"Non-DTS groundfish Importance","Bodega Bay"
2004,0.582547914682398,"Salmon Node Strength","San Francisco"
2004,0.979973676466556,"Salmon Importance","San Francisco"
2004,0.228590639673484,"Non-DTS groundfish Node Strength","San Francisco"
2004,0.161080693694264,"Non-DTS groundfish Importance","San Francisco"
2004,0.418259507570846,"Salmon Node Strength","Monterey"
2004,0.88341133443739,"Salmon Importance","Monterey"
2004,0.267093583126657,"Non-DTS groundfish Node Strength","Monterey"
2004,0.700047168135825,"Non-DTS groundfish Importance","Monterey"
2004,0.0285800178526703,"Non-DTS groundfish Node Strength","Los Angeles"
2004,0.00054670290074801,"Non-DTS groundfish Importance","Los Angeles"
2005,0.506547929696891,"Salmon Node Strength","Puget Sound"
2005,0.844597731268851,"Salmon Importance","Puget Sound"
2005,0.571239213581872,"Salmon Node Strength","North WA Coast"
2005,1,"Salmon Importance","North WA Coast"
2005,0.0945126287479749,"Salmon Node Strength","WA Coast"
2005,0.0917183175915292,"Salmon Importance","WA Coast"
2005,0.474818685187003,"Non-DTS groundfish Node Strength","Astoria"
2005,0.928855096099202,"Non-DTS groundfish Importance","Astoria"
2005,0.0432095162020523,"Salmon Node Strength","Astoria"
2005,0.0240146884238435,"Salmon Importance","Astoria"
2005,0.428367095179695,"Salmon Node Strength","Tillamook"
2005,0.779585868077836,"Salmon Importance","Tillamook"
2005,0.107404172481481,"Non-DTS groundfish Node Strength","Tillamook"
2005,0.207233055490543,"Non-DTS groundfish Importance","Tillamook"
2005,0.102781100220882,"Salmon Node Strength","Newport"
2005,0.1364110114288,"Salmon Importance","Newport"
2005,0.0519335665107425,"Salmon Node Strength","Coos Bay"
2005,0.0818393774454963,"Salmon Importance","Coos Bay"
2005,0.29711709134812,"Non-DTS groundfish Node Strength","Brookings"
2005,0.387411189988358,"Non-DTS groundfish Importance","Brookings"
2005,1,"Non-DTS groundfish Node Strength","Crescent City"
2005,1,"Non-DTS groundfish Importance","Crescent City"
2005,0.915658507015814,"Non-DTS groundfish Node Strength","Morro Bay"
2005,1,"Non-DTS groundfish Importance","Morro Bay"
2005,0.330044996595676,"Non-DTS groundfish Node Strength","Fort Bragg"
2005,0.592250398412773,"Non-DTS groundfish Importance","Fort Bragg"
2005,0.301433949044272,"Salmon Node Strength","Fort Bragg"
2005,0.523409750509587,"Salmon Importance","Fort Bragg"
2005,0.957139357865426,"Salmon Node Strength","Bodega Bay"
2005,0.99978809714388,"Salmon Importance","Bodega Bay"
2005,0.0229198470626544,"Non-DTS groundfish Node Strength","Bodega Bay"
2005,8.75007005279845e-05,"Non-DTS groundfish Importance","Bodega Bay"
2005,0.391992431043027,"Non-DTS groundfish Node Strength","San Francisco"
2005,0.554733265797173,"Non-DTS groundfish Importance","San Francisco"
2005,0.377072316351182,"Salmon Node Strength","San Francisco"
2005,0.813878381539723,"Salmon Importance","San Francisco"
2005,0.547842974639878,"Non-DTS groundfish Node Strength","Monterey"
2005,0.979388512105925,"Non-DTS groundfish Importance","Monterey"
2005,0.21398857871028,"Salmon Node Strength","Monterey"
2005,0.250681072264352,"Salmon Importance","Monterey"
2006,0.486858178068747,"Salmon Node Strength","Puget Sound"
2006,0.734821290862521,"Salmon Importance","Puget Sound"
2006,0.504500305984242,"Salmon Node Strength","North WA Coast"
2006,0.807399480937701,"Salmon Importance","North WA Coast"
2006,0.139292125581032,"Salmon Node Strength","WA Coast"
2006,0.181893615014143,"Salmon Importance","WA Coast"
2006,0.534219036138347,"Non-DTS groundfish Node Strength","Astoria"
2006,0.949692647403302,"Non-DTS groundfish Importance","Astoria"
2006,0.0136529726969304,"Salmon Node Strength","Astoria"
2006,0.00717613642703562,"Salmon Importance","Astoria"
2006,0.475869072457454,"Salmon Node Strength","Tillamook"
2006,0.701953048204684,"Salmon Importance","Tillamook"
2006,0.0712603450959322,"Non-DTS groundfish Node Strength","Tillamook"
2006,0.0811256273242935,"Non-DTS groundfish Importance","Tillamook"
2006,0.0504539998707596,"Salmon Node Strength","Newport"
2006,0.0578598200515107,"Salmon Importance","Newport"
2006,0.144761674214223,"Salmon Node Strength","Coos Bay"
2006,0.268937203603922,"Salmon Importance","Coos Bay"
2006,0.225689063098875,"Non-DTS groundfish Node Strength","Coos Bay"
2006,0.540275922038202,"Non-DTS groundfish Importance","Coos Bay"
2006,0.167431569425427,"Salmon Node Strength","Brookings"
2006,0.300648798081274,"Salmon Importance","Brookings"
2006,0.316425357555443,"Non-DTS groundfish Node Strength","Brookings"
2006,0.560035260294466,"Non-DTS groundfish Importance","Brookings"
2006,0.949957125728955,"Non-DTS groundfish Node Strength","Crescent City"
2006,0.998686758112552,"Non-DTS groundfish Importance","Crescent City"
2006,0.497692573215402,"Non-DTS groundfish Node Strength","Eureka"
2006,0.888988739594146,"Non-DTS groundfish Importance","Eureka"
2006,0.147021892503325,"Salmon Node Strength","Eureka"
2006,0.161615553163824,"Salmon Importance","Eureka"
2006,0.582802058439377,"Non-DTS groundfish Node Strength","Morro Bay"
2006,0.963895315738473,"Non-DTS groundfish Importance","Morro Bay"
2006,0.178785469967329,"Salmon Node Strength","Morro Bay"
2006,0.405895172921923,"Salmon Importance","Morro Bay"
2006,0.217824024124577,"Salmon Node Strength","Fort Bragg"
2006,0.207428036473731,"Salmon Importance","Fort Bragg"
2006,0.594719717137512,"Non-DTS groundfish Node Strength","Fort Bragg"
2006,0.94925595182255,"Non-DTS groundfish Importance","Fort Bragg"
2006,0.949180719196113,"Salmon Node Strength","Bodega Bay"
2006,0.998974321008742,"Salmon Importance","Bodega Bay"
2006,0.0452810274373427,"Non-DTS groundfish Node Strength","Bodega Bay"
2006,0.0482615186898063,"Non-DTS groundfish Importance","Bodega Bay"
2006,0.462894275458179,"Salmon Node Strength","San Francisco"
2006,0.913502858273325,"Salmon Importance","San Francisco"
2006,0.371899081750825,"Non-DTS groundfish Node Strength","San Francisco"
2006,0.389942118677591,"Non-DTS groundfish Importance","San Francisco"
2006,0.531431413773266,"Salmon Node Strength","Monterey"
2006,1,"Salmon Importance","Monterey"
2006,0.249955925006709,"Non-DTS groundfish Node Strength","Monterey"
2006,0.589371143725176,"Non-DTS groundfish Importance","Monterey"
2007,0.407766454679517,"Salmon Node Strength","Puget Sound"
2007,0.690635685665689,"Salmon Importance","Puget Sound"
2007,0.540572769843383,"Salmon Node Strength","North WA Coast"
2007,0.796636656982568,"Salmon Importance","North WA Coast"
2007,0.0451407723169663,"Salmon Node Strength","WA Coast"
2007,0.10605361327929,"Salmon Importance","WA Coast"
2007,0.0451407723169663,"Salmon Node Strength","WA Coast"
2007,0.10605361327929,"Salmon Importance","WA Coast"
2007,0.0217739134573024,"Salmon Node Strength","Astoria"
2007,0.00859003983525509,"Salmon Importance","Astoria"
2007,0.173964020456807,"Salmon Node Strength","Tillamook"
2007,0.283318752677101,"Salmon Importance","Tillamook"
2007,0.0704413240303442,"Non-DTS groundfish Node Strength","Tillamook"
2007,0.09246218656766,"Non-DTS groundfish Importance","Tillamook"
2007,0.217781804916601,"Non-DTS groundfish Node Strength","Coos Bay"
2007,0.430508725315595,"Non-DTS groundfish Importance","Coos Bay"
2007,0.502301620123909,"Non-DTS groundfish Node Strength","Brookings"
2007,0.802735028943654,"Non-DTS groundfish Importance","Brookings"
2007,0.278065343332031,"Non-DTS groundfish Node Strength","Crescent City"
2007,0.484097112763744,"Non-DTS groundfish Importance","Crescent City"
2007,0.531829124744061,"Non-DTS groundfish Node Strength","Eureka"
2007,0.889593583152633,"Non-DTS groundfish Importance","Eureka"
2007,0.749041507917534,"Non-DTS groundfish Node Strength","Morro Bay"
2007,0.990854110437176,"Non-DTS groundfish Importance","Morro Bay"
2007,0.680966606892944,"Non-DTS groundfish Node Strength","Fort Bragg"
2007,0.903665822203163,"Non-DTS groundfish Importance","Fort Bragg"
2007,0.770002630332267,"Non-DTS groundfish Node Strength","Bodega Bay"
2007,1,"Non-DTS groundfish Importance","Bodega Bay"
2007,0.669870064330195,"Non-DTS groundfish Node Strength","San Francisco"
2007,0.997404063118448,"Non-DTS groundfish Importance","San Francisco"
2007,0.392052329869799,"Non-DTS groundfish Node Strength","Monterey"
2007,0.822765806808111,"Non-DTS groundfish Importance","Monterey"
2007,0.0108187638116274,"Non-DTS groundfish Node Strength","Los Angeles"
2007,6.94145894459681e-05,"Non-DTS groundfish Importance","Los Angeles"
2008,0.41049336148744,"Salmon Node Strength","Puget Sound"
2008,0.665746624236654,"Salmon Importance","Puget Sound"
2008,0.679924521279029,"Salmon Node Strength","North WA Coast"
2008,0.938280901944941,"Salmon Importance","North WA Coast"
2008,0.0984465081126777,"Salmon Node Strength","WA Coast"
2008,0.225326487102199,"Salmon Importance","WA Coast"
2008,0.0984465081126777,"Salmon Node Strength","WA Coast"
2008,0.225326487102199,"Salmon Importance","WA Coast"
2008,0.00946865449123748,"Salmon Node Strength","Astoria"
2008,0.00470057524652107,"Salmon Importance","Astoria"
2008,0.508607166915887,"Non-DTS groundfish Node Strength","Astoria"
2008,0.931261958643366,"Non-DTS groundfish Importance","Astoria"
2008,0.245186139994067,"Salmon Node Strength","Tillamook"
2008,0.312364271552918,"Salmon Importance","Tillamook"
2008,0.0873034885330905,"Non-DTS groundfish Node Strength","Tillamook"
2008,0.100928740923533,"Non-DTS groundfish Importance","Tillamook"
2008,0.458851258844561,"Non-DTS groundfish Node Strength","Brookings"
2008,0.710251325969996,"Non-DTS groundfish Importance","Brookings"
2008,0.253740818700264,"Non-DTS groundfish Node Strength","Crescent City"
2008,0.364102058429993,"Non-DTS groundfish Importance","Crescent City"
2008,0.522367333883097,"Non-DTS groundfish Node Strength","Eureka"
2008,0.909037921509693,"Non-DTS groundfish Importance","Eureka"
2008,0.698285725351102,"Non-DTS groundfish Node Strength","Morro Bay"
2008,0.943107174038534,"Non-DTS groundfish Importance","Morro Bay"
2008,0.741860948984842,"Non-DTS groundfish Node Strength","Fort Bragg"
2008,0.943321133472736,"Non-DTS groundfish Importance","Fort Bragg"
2008,0.32283365040203,"Non-DTS groundfish Node Strength","Bodega Bay"
2008,0.09717985672618,"Non-DTS groundfish Importance","Bodega Bay"
2008,0.387414685358001,"Non-DTS groundfish Node Strength","San Francisco"
2008,0.945120117699607,"Non-DTS groundfish Importance","San Francisco"
2008,0.110820644841573,"Non-DTS groundfish Node Strength","Monterey"
2008,0.000147472620312143,"Non-DTS groundfish Importance","Monterey"
2008,0.0959668026809192,"Non-DTS groundfish Node Strength","Santa Barbara"
2008,0.205790824455783,"Non-DTS groundfish Importance","Santa Barbara"
2009,0.372530154610485,"Salmon Node Strength","Puget Sound"
2009,0.773006096124168,"Salmon Importance","Puget Sound"
2009,0.196707194729085,"Non-DTS groundfish Node Strength","Puget Sound"
2009,0.130367757426401,"Non-DTS groundfish Importance","Puget Sound"
2009,0.814110046274843,"Salmon Node Strength","North WA Coast"
2009,1,"Salmon Importance","North WA Coast"
2009,0.128052589813951,"Salmon Node Strength","WA Coast"
2009,0.242511270529207,"Salmon Importance","WA Coast"
2009,0.128052589813951,"Salmon Node Strength","WA Coast"
2009,0.242511270529207,"Salmon Importance","WA Coast"
2009,0.0243975445463333,"Salmon Node Strength","Astoria"
2009,0.018199565287367,"Salmon Importance","Astoria"
2009,0.386546259674819,"Non-DTS groundfish Node Strength","Astoria"
2009,0.803757729978904,"Non-DTS groundfish Importance","Astoria"
2009,0.289071004307279,"Salmon Node Strength","Tillamook"
2009,0.386749652736454,"Salmon Importance","Tillamook"
2009,0.110403872101377,"Non-DTS groundfish Node Strength","Tillamook"
2009,0.135204978766612,"Non-DTS groundfish Importance","Tillamook"
2009,0.0989136957287287,"Salmon Node Strength","Newport"
2009,0.139062068808785,"Salmon Importance","Newport"
2009,0.0611451848868431,"Salmon Node Strength","Coos Bay"
2009,0.0789832722707553,"Salmon Importance","Coos Bay"
2009,0.177435221758243,"Non-DTS groundfish Node Strength","Brookings"
2009,0.263089274453354,"Non-DTS groundfish Importance","Brookings"
2009,0.0473761804572629,"Salmon Node Strength","Eureka"
2009,0.0656543152760043,"Salmon Importance","Eureka"
2009,0.570618101788888,"Non-DTS groundfish Node Strength","Morro Bay"
2009,0.925539569820884,"Non-DTS groundfish Importance","Morro Bay"
2009,0.703142658099476,"Non-DTS groundfish Node Strength","Fort Bragg"
2009,0.983732975296316,"Non-DTS groundfish Importance","Fort Bragg"
2009,0.19532674950899,"Salmon Node Strength","Fort Bragg"
2009,0.18356750849848,"Salmon Importance","Fort Bragg"
2009,0.242486821442875,"Non-DTS groundfish Node Strength","Bodega Bay"
2009,0.181190617408553,"Non-DTS groundfish Importance","Bodega Bay"
2009,0.325992018922199,"Non-DTS groundfish Node Strength","San Francisco"
2009,0.542555806678585,"Non-DTS groundfish Importance","San Francisco"
2009,0.663175571301327,"Non-DTS groundfish Node Strength","Monterey"
2009,0.994722194876439,"Non-DTS groundfish Importance","Monterey"
2009,0.077847554852322,"Salmon Node Strength","Monterey"
2009,0.0361260586200247,"Salmon Importance","Monterey"
2009,0.0131060818866458,"Non-DTS groundfish Node Strength","Los Angeles"
2009,0.000130012138985549,"Non-DTS groundfish Importance","Los Angeles"
2010,0.327557419000148,"Salmon Node Strength","Puget Sound"
2010,0.632281481009043,"Salmon Importance","Puget Sound"
2010,0.182490997142432,"Non-DTS groundfish Node Strength","Puget Sound"
2010,0.0352272066537673,"Non-DTS groundfish Importance","Puget Sound"
2010,0.623232311138708,"Salmon Node Strength","North WA Coast"
2010,1,"Salmon Importance","North WA Coast"
2010,0.085261328154197,"Salmon Node Strength","WA Coast"
2010,0.125586651268047,"Salmon Importance","WA Coast"
2010,0.085261328154197,"Salmon Node Strength","WA Coast"
2010,0.125586651268047,"Salmon Importance","WA Coast"
2010,0.0247834162231337,"Salmon Node Strength","Astoria"
2010,0.0225861914589216,"Salmon Importance","Astoria"
2010,0.0582072835051923,"Non-DTS groundfish Node Strength","Tillamook"
2010,0.0672203682173392,"Non-DTS groundfish Importance","Tillamook"
2010,0.148786106981911,"Salmon Node Strength","Tillamook"
2010,0.172426056727492,"Salmon Importance","Tillamook"
2010,0.0318376150962065,"Salmon Node Strength","Newport"
2010,0.0393463587076906,"Salmon Importance","Newport"
2010,0.0758611277219923,"Salmon Node Strength","Coos Bay"
2010,0.1023244309733,"Salmon Importance","Coos Bay"
2010,0.197674149170717,"Non-DTS groundfish Node Strength","Brookings"
2010,0.296772978301243,"Non-DTS groundfish Importance","Brookings"
2010,0.0684846238618569,"Non-DTS groundfish Node Strength","Crescent City"
2010,0.0798533996921254,"Non-DTS groundfish Importance","Crescent City"
2010,0.15688329304616,"Salmon Node Strength","Eureka"
2010,0.177910992519273,"Salmon Importance","Eureka"
2010,0.591362235110633,"Non-DTS groundfish Node Strength","Morro Bay"
2010,0.967710044107714,"Non-DTS groundfish Importance","Morro Bay"
2010,0.050547405405536,"Salmon Node Strength","Morro Bay"
2010,0.0779057040357477,"Salmon Importance","Morro Bay"
2010,0.417590700626443,"Salmon Node Strength","Fort Bragg"
2010,0.601351723529755,"Salmon Importance","Fort Bragg"
2010,0.536881898422367,"Salmon Node Strength","Bodega Bay"
2010,0.758630980324882,"Salmon Importance","Bodega Bay"
2010,0.00977442213000924,"Non-DTS groundfish Node Strength","Bodega Bay"
2010,0.012919395604973,"Non-DTS groundfish Importance","Bodega Bay"
2010,0.252627142400012,"Salmon Node Strength","San Francisco"
2010,0.397919904992637,"Salmon Importance","San Francisco"
2010,0.0780042231111471,"Salmon Node Strength","Monterey"
2010,0.00020410922733801,"Salmon Importance","Monterey"
2010,0.0614511783454634,"Non-DTS groundfish Node Strength","Monterey"
2010,3.80553251490561e-06,"Non-DTS groundfish Importance","Monterey"
2010,0.14632003429161,"Non-DTS groundfish Node Strength","Los Angeles"
2010,0.0354924238204539,"Non-DTS groundfish Importance","Los Angeles"
2011,0.247026946591765,"Salmon Node Strength","Puget Sound"
2011,0.363307061455214,"Salmon Importance","Puget Sound"
2011,0.722262990967684,"Salmon Node Strength","North WA Coast"
2011,0.935335541772058,"Salmon Importance","North WA Coast"
2011,0.0945101574889107,"Salmon Node Strength","WA Coast"
2011,0.190232270909426,"Salmon Importance","WA Coast"
2011,0.0945101574889107,"Salmon Node Strength","WA Coast"
2011,0.190232270909426,"Salmon Importance","WA Coast"
2011,0.0300627914029818,"Salmon Node Strength","Astoria"
2011,0.00291595774856973,"Salmon Importance","Astoria"
2011,0.602331209396623,"Non-DTS groundfish Node Strength","Astoria"
2011,0.997947051706633,"Non-DTS groundfish Importance","Astoria"
2011,0.583197851523144,"Salmon Node Strength","Tillamook"
2011,0.94479645314358,"Salmon Importance","Tillamook"
2011,0.0852785232806508,"Non-DTS groundfish Node Strength","Tillamook"
2011,0.136203160860027,"Non-DTS groundfish Importance","Tillamook"
2011,0.105419842992596,"Salmon Node Strength","Newport"
2011,0.153106810645509,"Salmon Importance","Newport"
2011,0.105928158935368,"Salmon Node Strength","Coos Bay"
2011,0.179383561079138,"Salmon Importance","Coos Bay"
2011,0.175216180884792,"Non-DTS groundfish Node Strength","Brookings"
2011,0.287405880473889,"Non-DTS groundfish Importance","Brookings"
2011,0.153759669361325,"Salmon Node Strength","Brookings"
2011,0.241693084884139,"Salmon Importance","Brookings"
2011,0.0745471568602213,"Non-DTS groundfish Node Strength","Crescent City"
2011,0.0749606161156709,"Non-DTS groundfish Importance","Crescent City"
2011,0.150954998681406,"Salmon Node Strength","Eureka"
2011,0.235471118619832,"Salmon Importance","Eureka"
2011,0.528888094980352,"Non-DTS groundfish Node Strength","Morro Bay"
2011,0.932693039206798,"Non-DTS groundfish Importance","Morro Bay"
2011,0.288860988800579,"Salmon Node Strength","Morro Bay"
2011,0.431184119384447,"Salmon Importance","Morro Bay"
2011,0.261221852945636,"Salmon Node Strength","Fort Bragg"
2011,0.459008613280112,"Salmon Importance","Fort Bragg"
2011,0.289819534591137,"Non-DTS groundfish Node Strength","Fort Bragg"
2011,0.530612410423317,"Non-DTS groundfish Importance","Fort Bragg"
2011,0.925473340618152,"Salmon Node Strength","Bodega Bay"
2011,0.997872543763735,"Salmon Importance","Bodega Bay"
2011,0.00744604768003138,"Non-DTS groundfish Node Strength","Bodega Bay"
2011,0.00802966424145308,"Non-DTS groundfish Importance","Bodega Bay"
2011,0.538483932423496,"Salmon Node Strength","San Francisco"
2011,0.942045418305228,"Salmon Importance","San Francisco"
2011,0.106925029506965,"Non-DTS groundfish Node Strength","San Francisco"
2011,0.0978660145428734,"Non-DTS groundfish Importance","San Francisco"
2011,0.317332702607594,"Salmon Node Strength","Monterey"
2011,8.98345729140761e-05,"Salmon Importance","Monterey"
2011,0.0999190515536123,"Non-DTS groundfish Node Strength","Monterey"
2011,7.16254121225687e-05,"Non-DTS groundfish Importance","Monterey"
2011,0.0961057584188186,"Non-DTS groundfish Node Strength","Santa Barbara"
2011,0.127805592469364,"Non-DTS groundfish Importance","Santa Barbara"
2011,0.0137884872936598,"Salmon Node Strength","Santa Barbara"
2011,0.0228626659857113,"Salmon Importance","Santa Barbara"
2011,0.0221374300472806,"Non-DTS groundfish Node Strength","Los Angeles"
2011,0.00136975611217774,"Non-DTS groundfish Importance","Los Angeles"
2012,0.321121412084126,"Salmon Node Strength","Puget Sound"
2012,0.506921859038543,"Salmon Importance","Puget Sound"
2012,0.571645530324737,"Salmon Node Strength","North WA Coast"
2012,0.969429304775628,"Salmon Importance","North WA Coast"
2012,0.110481959848023,"Salmon Node Strength","WA Coast"
2012,0.218761302671412,"Salmon Importance","WA Coast"
2012,0.0418019080289213,"Salmon Node Strength","Astoria"
2012,0.0517563394596637,"Salmon Importance","Astoria"
2012,0.106554803868182,"Non-DTS groundfish Node Strength","Tillamook"
2012,0.172798019584325,"Non-DTS groundfish Importance","Tillamook"
2012,0.592339236387902,"Salmon Node Strength","Tillamook"
2012,0.926648435816919,"Salmon Importance","Tillamook"
2012,0.0987961056300868,"Salmon Node Strength","Newport"
2012,0.158271045091757,"Salmon Importance","Newport"
2012,0.18649930467156,"Salmon Node Strength","Coos Bay"
2012,0.313751279884046,"Salmon Importance","Coos Bay"
2012,0.142719360147828,"Non-DTS groundfish Node Strength","Brookings"
2012,0.275159951744643,"Non-DTS groundfish Importance","Brookings"
2012,0.201067292668102,"Salmon Node Strength","Brookings"
2012,0.41617784523664,"Salmon Importance","Brookings"
2012,0.0519118848527329,"Non-DTS groundfish Node Strength","Crescent City"
2012,0.0546723894419842,"Non-DTS groundfish Importance","Crescent City"
2012,0.406620747243616,"Salmon Node Strength","Eureka"
2012,0.769901671844833,"Salmon Importance","Eureka"
2012,0.621618826203227,"Non-DTS groundfish Node Strength","Morro Bay"
2012,0.935369732204375,"Non-DTS groundfish Importance","Morro Bay"
2012,0.227858418938995,"Salmon Node Strength","Morro Bay"
2012,0.287469316216222,"Salmon Importance","Morro Bay"
2012,0.813106264940875,"Salmon Node Strength","Fort Bragg"
2012,0.99779132851626,"Salmon Importance","Fort Bragg"
2012,0.888635763283565,"Salmon Node Strength","Bodega Bay"
2012,0.997626256518031,"Salmon Importance","Bodega Bay"
2012,0.651531639646217,"Salmon Node Strength","San Francisco"
2012,0.9813207838424,"Salmon Importance","San Francisco"
2012,0.136095391850562,"Non-DTS groundfish Node Strength","San Francisco"
2012,0.0966168360853047,"Non-DTS groundfish Importance","San Francisco"
2012,0.272515482341735,"Salmon Node Strength","Monterey"
2012,5.38915641539971e-05,"Salmon Importance","Monterey"
2012,0.111071830838256,"Non-DTS groundfish Node Strength","Monterey"
2012,0.000116642246007089,"Non-DTS groundfish Importance","Monterey"
2012,0.0141003336250091,"Non-DTS groundfish Node Strength","Los Angeles"
2012,6.82939488452168e-06,"Non-DTS groundfish Importance","Los Angeles"
2013,0.3397730241527,"Salmon Node Strength","Puget Sound"
2013,0.505501723033541,"Salmon Importance","Puget Sound"
2013,0.920980777788674,"Salmon Node Strength","North WA Coast"
2013,1,"Salmon Importance","North WA Coast"
2013,0.12534786161124,"Salmon Node Strength","WA Coast"
2013,0.233058332103028,"Salmon Importance","WA Coast"
2013,0.0409212555205763,"Salmon Node Strength","Astoria"
2013,0.0134255354980742,"Salmon Importance","Astoria"
2013,0.500957739886322,"Non-DTS groundfish Node Strength","Astoria"
2013,1,"Non-DTS groundfish Importance","Astoria"
2013,0.655647019464269,"Salmon Node Strength","Tillamook"
2013,1,"Salmon Importance","Tillamook"
2013,0.107130111922694,"Non-DTS groundfish Node Strength","Tillamook"
2013,0.184904095998662,"Non-DTS groundfish Importance","Tillamook"
2013,0.182364474184683,"Salmon Node Strength","Newport"
2013,0.290699880224168,"Salmon Importance","Newport"
2013,0.212617448948205,"Salmon Node Strength","Coos Bay"
2013,0.308196613911153,"Salmon Importance","Coos Bay"
2013,0.11739386743383,"Non-DTS groundfish Node Strength","Coos Bay"
2013,0.23151445328822,"Non-DTS groundfish Importance","Coos Bay"
2013,0.234931218714151,"Non-DTS groundfish Node Strength","Brookings"
2013,0.44060548337898,"Non-DTS groundfish Importance","Brookings"
2013,0.357111680019272,"Salmon Node Strength","Brookings"
2013,0.749315055528626,"Salmon Importance","Brookings"
2013,0.0808303709025724,"Non-DTS groundfish Node Strength","Crescent City"
2013,0.108132611549454,"Non-DTS groundfish Importance","Crescent City"
2013,0.311081097061303,"Salmon Node Strength","Eureka"
2013,0.610297142996884,"Salmon Importance","Eureka"
2013,0.695604775476774,"Non-DTS groundfish Node Strength","Morro Bay"
2013,0.935668242200664,"Non-DTS groundfish Importance","Morro Bay"
2013,0.07275427683177,"Salmon Node Strength","Morro Bay"
2013,0.0915991130949631,"Salmon Importance","Morro Bay"
2013,0.398950379337452,"Salmon Node Strength","Fort Bragg"
2013,0.592153538948544,"Salmon Importance","Fort Bragg"
2013,0.411427197403771,"Non-DTS groundfish Node Strength","Fort Bragg"
2013,0.81763208528139,"Non-DTS groundfish Importance","Fort Bragg"
2013,0.800200725413312,"Salmon Node Strength","Bodega Bay"
2013,0.981580631824275,"Salmon Importance","Bodega Bay"
2013,0.413827809467578,"Salmon Node Strength","San Francisco"
2013,0.891380134423293,"Salmon Importance","San Francisco"
2013,0.0847016813302971,"Non-DTS groundfish Node Strength","San Francisco"
2013,0.129430260749649,"Non-DTS groundfish Importance","San Francisco"
2013,0.096239602167078,"Non-DTS groundfish Node Strength","Monterey"
2013,4.95836614258196e-06,"Non-DTS groundfish Importance","Monterey"
2013,0.0462730598543293,"Salmon Node Strength","Monterey"
2013,4.35622958677791e-06,"Salmon Importance","Monterey"
2014,0.234632998351641,"Salmon Node Strength","Puget Sound"
2014,0.301695651819958,"Salmon Importance","Puget Sound"
2014,0.89800099730214,"Salmon Node Strength","North WA Coast"
2014,1,"Salmon Importance","North WA Coast"
2014,0.145173762669215,"Salmon Node Strength","WA Coast"
2014,0.2041417695062,"Salmon Importance","WA Coast"
2014,0.0481589852307142,"Salmon Node Strength","Astoria"
2014,0.0136351899571047,"Salmon Importance","Astoria"
2014,0.561329443802082,"Non-DTS groundfish Node Strength","Astoria"
2014,0.991304126766833,"Non-DTS groundfish Importance","Astoria"
2014,0.646220297603612,"Salmon Node Strength","Tillamook"
2014,1,"Salmon Importance","Tillamook"
2014,0.140007440099427,"Non-DTS groundfish Node Strength","Tillamook"
2014,0.240031638932073,"Non-DTS groundfish Importance","Tillamook"
2014,0.133304409213523,"Salmon Node Strength","Newport"
2014,0.201452726787802,"Salmon Importance","Newport"
2014,0.133383622769128,"Salmon Node Strength","Coos Bay"
2014,0.161780951961327,"Salmon Importance","Coos Bay"
2014,0.130497160403607,"Non-DTS groundfish Node Strength","Coos Bay"
2014,0.235802450589291,"Non-DTS groundfish Importance","Coos Bay"
2014,0.271829440970489,"Non-DTS groundfish Node Strength","Brookings"
2014,0.457312997769054,"Non-DTS groundfish Importance","Brookings"
2014,0.162855042697293,"Salmon Node Strength","Brookings"
2014,0.191587114744026,"Salmon Importance","Brookings"
2014,0.109582763332104,"Non-DTS groundfish Node Strength","Crescent City"
2014,0.138571039779271,"Non-DTS groundfish Importance","Crescent City"
2014,0.334749970337568,"Non-DTS groundfish Node Strength","Eureka"
2014,0.60709315301088,"Non-DTS groundfish Importance","Eureka"
2014,0.0721092916731599,"Salmon Node Strength","Eureka"
2014,0.100353470667311,"Salmon Importance","Eureka"
2014,0.76945155506546,"Non-DTS groundfish Node Strength","Morro Bay"
2014,0.972259796722429,"Non-DTS groundfish Importance","Morro Bay"
2014,0.128521865034365,"Salmon Node Strength","Morro Bay"
2014,0.179085324632961,"Salmon Importance","Morro Bay"
2014,0.363495145026864,"Salmon Node Strength","Fort Bragg"
2014,0.481683166617197,"Salmon Importance","Fort Bragg"
2014,0.45272558523545,"Non-DTS groundfish Node Strength","Fort Bragg"
2014,0.842758388101415,"Non-DTS groundfish Importance","Fort Bragg"
2014,0.487438754963735,"Salmon Node Strength","Bodega Bay"
2014,0.760258997555257,"Salmon Importance","Bodega Bay"
2014,0.422309424588521,"Salmon Node Strength","San Francisco"
2014,0.843842232526195,"Salmon Importance","San Francisco"
2014,0.0943643752702225,"Non-DTS groundfish Node Strength","San Francisco"
2014,0.167931119088876,"Non-DTS groundfish Importance","San Francisco"
2014,0.0268739453448898,"Non-DTS groundfish Node Strength","San Diego"
2014,0.0120690448371916,"Non-DTS groundfish Importance","San Diego"
2014,0.117047241566853,"Non-DTS groundfish Node Strength","Monterey"
2014,0.0015268385113639,"Non-DTS groundfish Importance","Monterey"
2014,0.0950454200400937,"Salmon Node Strength","Monterey"
2014,0.00663066065511462,"Salmon Importance","Monterey"
2015,0.219168264949826,"Salmon Node Strength","Puget Sound"
2015,0.300375492541298,"Salmon Importance","Puget Sound"
2015,0.729181173700516,"Salmon Node Strength","North WA Coast"
2015,1,"Salmon Importance","North WA Coast"
2015,0.101861394853295,"Salmon Node Strength","WA Coast"
2015,0.170751368348292,"Salmon Importance","WA Coast"
2015,0.0180321100116521,"Salmon Node Strength","Astoria"
2015,0.0100545304251095,"Salmon Importance","Astoria"
2015,0.550803929923163,"Non-DTS groundfish Node Strength","Astoria"
2015,0.929785711606633,"Non-DTS groundfish Importance","Astoria"
2015,0.451709519845162,"Salmon Node Strength","Tillamook"
2015,0.845159776793176,"Salmon Importance","Tillamook"
2015,0.292643888701748,"Non-DTS groundfish Node Strength","Tillamook"
2015,0.454882338614463,"Non-DTS groundfish Importance","Tillamook"
2015,0.132092676769446,"Salmon Node Strength","Newport"
2015,0.161953407656344,"Salmon Importance","Newport"
2015,0.061014487624192,"Salmon Node Strength","Coos Bay"
2015,0.0593242457477885,"Salmon Importance","Coos Bay"
2015,0.230716248035137,"Non-DTS groundfish Node Strength","Brookings"
2015,0.396739452590329,"Non-DTS groundfish Importance","Brookings"
2015,0.286493520056255,"Non-DTS groundfish Node Strength","Crescent City"
2015,0.488170620823677,"Non-DTS groundfish Importance","Crescent City"
2015,0.427562194861813,"Non-DTS groundfish Node Strength","Eureka"
2015,0.664845681983301,"Non-DTS groundfish Importance","Eureka"
2015,0.555179667258926,"Non-DTS groundfish Node Strength","Morro Bay"
2015,0.901964416135462,"Non-DTS groundfish Importance","Morro Bay"
2015,0.147863844231789,"Salmon Node Strength","Morro Bay"
2015,0.181472883831829,"Salmon Importance","Morro Bay"
2015,0.254655622230606,"Salmon Node Strength","Fort Bragg"
2015,0.400155946239318,"Salmon Importance","Fort Bragg"
2015,0.443587800605225,"Non-DTS groundfish Node Strength","Fort Bragg"
2015,0.772913555573064,"Non-DTS groundfish Importance","Fort Bragg"
2015,0.414460967538836,"Salmon Node Strength","Bodega Bay"
2015,0.682413868775821,"Salmon Importance","Bodega Bay"
2015,0.376660874889977,"Salmon Node Strength","San Francisco"
2015,0.794314589378828,"Salmon Importance","San Francisco"
2015,0.0878600942334482,"Non-DTS groundfish Node Strength","San Francisco"
2015,0.154491703896109,"Non-DTS groundfish Importance","San Francisco"
2015,0.195030623113038,"Non-DTS groundfish Node Strength","Monterey"
2015,0.0105996261663725,"Non-DTS groundfish Importance","Monterey"
2015,0.149363745836665,"Salmon Node Strength","Monterey"
2015,0.0141046989385128,"Salmon Importance","Monterey"
2016,0.444472872083743,"Salmon Node Strength","Puget Sound"
2016,0.761065444910942,"Salmon Importance","Puget Sound"
2016,0.630099576922648,"Salmon Node Strength","North WA Coast"
2016,1,"Salmon Importance","North WA Coast"
2016,0.164170362679345,"Salmon Node Strength","WA Coast"
2016,0.31324220874017,"Salmon Importance","WA Coast"
2016,0.0076680214978691,"Salmon Node Strength","Astoria"
2016,0.0044350552621323,"Salmon Importance","Astoria"
2016,0.694504530673933,"Non-DTS groundfish Node Strength","Astoria"
2016,1,"Non-DTS groundfish Importance","Astoria"
2016,0.0840996806670915,"Salmon Node Strength","Tillamook"
2016,0.100060898186287,"Salmon Importance","Tillamook"
2016,0.0867200763307346,"Non-DTS groundfish Node Strength","Tillamook"
2016,0.104405212929949,"Non-DTS groundfish Importance","Tillamook"
2016,0.0463247272866654,"Salmon Node Strength","Newport"
2016,0.0710844647618873,"Salmon Importance","Newport"
2016,0.226962208932736,"Non-DTS groundfish Node Strength","Newport"
2016,0.349843631965437,"Non-DTS groundfish Importance","Newport"
2016,0.0106600240030748,"Salmon Node Strength","Coos Bay"
2016,0.0095395354931361,"Salmon Importance","Coos Bay"
2016,0.210570814029362,"Non-DTS groundfish Node Strength","Brookings"
2016,0.375059562886766,"Non-DTS groundfish Importance","Brookings"
2016,0.145789531585006,"Non-DTS groundfish Node Strength","Crescent City"
2016,0.226114214800774,"Non-DTS groundfish Importance","Crescent City"
2016,0.519442746759266,"Non-DTS groundfish Node Strength","Morro Bay"
2016,0.939029948329839,"Non-DTS groundfish Importance","Morro Bay"
2016,0.220673949523195,"Salmon Node Strength","Morro Bay"
2016,0.334410912959623,"Salmon Importance","Morro Bay"
2016,0.116370461187779,"Salmon Node Strength","Fort Bragg"
2016,0.170559324498212,"Salmon Importance","Fort Bragg"
2016,0.37083051790236,"Non-DTS groundfish Node Strength","Fort Bragg"
2016,0.603407868548745,"Non-DTS groundfish Importance","Fort Bragg"
2016,0.592664168826146,"Salmon Node Strength","Bodega Bay"
2016,0.893354654457747,"Salmon Importance","Bodega Bay"
2016,0.470241843068935,"Salmon Node Strength","San Francisco"
2016,0.853809451752315,"Salmon Importance","San Francisco"
2016,0.380210419777513,"Salmon Node Strength","Monterey"
2016,0.607274240989377,"Salmon Importance","Monterey"
2016,0.402421135970588,"Non-DTS groundfish Node Strength","Monterey"
2016,0.786818003147704,"Non-DTS groundfish Importance","Monterey"
2017,0.229811629705432,"Salmon Node Strength","Puget Sound"
2017,0.471527358950643,"Salmon Importance","Puget Sound"
2017,0.776217256188538,"Salmon Node Strength","North WA Coast"
2017,1,"Salmon Importance","North WA Coast"
2017,0.182330169728816,"Salmon Node Strength","WA Coast"
2017,0.031842866007847,"Salmon Importance","WA Coast"
2017,0.182330169728816,"Salmon Node Strength","WA Coast"
2017,0.031842866007847,"Salmon Importance","WA Coast"
2017,0.678658033239603,"Non-DTS groundfish Node Strength","Astoria"
2017,1,"Non-DTS groundfish Importance","Astoria"
2017,0.0585585307366324,"Non-DTS groundfish Node Strength","Tillamook"
2017,0.0729062589714519,"Non-DTS groundfish Importance","Tillamook"
2017,0.108677460000439,"Salmon Node Strength","Tillamook"
2017,0.137951825060554,"Salmon Importance","Tillamook"
2017,0.268172763149733,"Non-DTS groundfish Node Strength","Newport"
2017,0.404644914409024,"Non-DTS groundfish Importance","Newport"
2017,0.0458880579896147,"Salmon Node Strength","Newport"
2017,0.0750298183288325,"Salmon Importance","Newport"
2017,0.0416848219600051,"Salmon Node Strength","Coos Bay"
2017,0.0530293081692606,"Salmon Importance","Coos Bay"
2017,0.0534982195203431,"Salmon Node Strength","Brookings"
2017,0.0921415964154632,"Salmon Importance","Brookings"
2017,0.167404824054682,"Non-DTS groundfish Node Strength","Brookings"
2017,0.282942304761952,"Non-DTS groundfish Importance","Brookings"
2017,0.10246058942327,"Salmon Node Strength","Crescent City"
2017,0.148206726266719,"Salmon Importance","Crescent City"
2017,0.0783108985364733,"Non-DTS groundfish Node Strength","Crescent City"
2017,0.112702926585597,"Non-DTS groundfish Importance","Crescent City"
2017,0.501240490077632,"Non-DTS groundfish Node Strength","Eureka"
2017,0.816203252326442,"Non-DTS groundfish Importance","Eureka"
2017,0.475015423215267,"Non-DTS groundfish Node Strength","Morro Bay"
2017,0.617484790939302,"Non-DTS groundfish Importance","Morro Bay"
2017,0.109924582832542,"Salmon Node Strength","Morro Bay"
2017,0.163357599999356,"Salmon Importance","Morro Bay"
2017,0.264260351920971,"Salmon Node Strength","Fort Bragg"
2017,0.480139641969644,"Salmon Importance","Fort Bragg"
2017,0.321963434252817,"Non-DTS groundfish Node Strength","Fort Bragg"
2017,0.629794708415086,"Non-DTS groundfish Importance","Fort Bragg"
2017,0.561160892441119,"Salmon Node Strength","Bodega Bay"
2017,0.865910554789379,"Salmon Importance","Bodega Bay"
2017,0.596738200402473,"Salmon Node Strength","San Francisco"
2017,0.963353096324331,"Salmon Importance","San Francisco"
2017,0.131285994729047,"Non-DTS groundfish Node Strength","San Francisco"
2017,0.174388104215589,"Non-DTS groundfish Importance","San Francisco"
2017,0.0952228529455221,"Salmon Node Strength","Monterey"
2017,3.90213849915238e-05,"Salmon Importance","Monterey"
2017,0.0847358962488121,"Non-DTS groundfish Node Strength","Monterey"
2017,4.99534389691774e-06,"Non-DTS groundfish Importance","Monterey"
2017,0.0250828021019554,"Non-DTS groundfish Node Strength","Los Angeles"
2017,0.00335871753650787,"Non-DTS groundfish Importance","Los Angeles"
2018,0.0571578046133093,"Salmon Node Strength","Puget Sound"
2018,0.0928766437107378,"Salmon Importance","Puget Sound"
2018,0.519474879625029,"Salmon Node Strength","North WA Coast"
2018,0.955552112622351,"Salmon Importance","North WA Coast"
2018,0.0859338538815859,"Salmon Node Strength","WA Coast"
2018,0.161460822936381,"Salmon Importance","WA Coast"
2018,0.0859338538815859,"Salmon Node Strength","WA Coast"
2018,0.161460822936381,"Salmon Importance","WA Coast"
2018,0.645965865414679,"Non-DTS groundfish Node Strength","Astoria"
2018,1,"Non-DTS groundfish Importance","Astoria"
2018,0.159170712842626,"Salmon Node Strength","Tillamook"
2018,0.186789741314385,"Salmon Importance","Tillamook"
2018,0.0735458818799231,"Non-DTS groundfish Node Strength","Tillamook"
2018,0.0810218094145022,"Non-DTS groundfish Importance","Tillamook"
2018,0.284131952507362,"Non-DTS groundfish Node Strength","Newport"
2018,0.454525429098813,"Non-DTS groundfish Importance","Newport"
2018,0.0521545502674999,"Salmon Node Strength","Newport"
2018,0.0886040088323417,"Salmon Importance","Newport"
2018,0.0501456265485255,"Salmon Node Strength","Coos Bay"
2018,0.0535612060186759,"Salmon Importance","Coos Bay"
2018,0.3213538030902,"Non-DTS groundfish Node Strength","Brookings"
2018,0.594613755239619,"Non-DTS groundfish Importance","Brookings"
2018,0.0464458306286777,"Salmon Node Strength","Brookings"
2018,0.0839475847231289,"Salmon Importance","Brookings"
2018,0.105178823243894,"Non-DTS groundfish Node Strength","Crescent City"
2018,0.155611272214103,"Non-DTS groundfish Importance","Crescent City"
2018,0.56629670332002,"Non-DTS groundfish Node Strength","Eureka"
2018,0.905122043549658,"Non-DTS groundfish Importance","Eureka"
2018,0.65081817114433,"Salmon Node Strength","Morro Bay"
2018,1,"Salmon Importance","Morro Bay"
2018,0.314497822618335,"Non-DTS groundfish Node Strength","Morro Bay"
2018,0.573495907676602,"Non-DTS groundfish Importance","Morro Bay"
2018,0.216322832536358,"Salmon Node Strength","Fort Bragg"
2018,0.238765971025999,"Salmon Importance","Fort Bragg"
2018,0.471932377216792,"Non-DTS groundfish Node Strength","Fort Bragg"
2018,0.846690361088418,"Non-DTS groundfish Importance","Fort Bragg"
2018,0.99841973721823,"Salmon Node Strength","Bodega Bay"
2018,1,"Salmon Importance","Bodega Bay"
2018,0.000644201627652847,"Non-DTS groundfish Node Strength","Bodega Bay"
2018,0.000436185282677292,"Non-DTS groundfish Importance","Bodega Bay"
2018,0.740654369144278,"Salmon Node Strength","San Francisco"
2018,0.991023586550366,"Salmon Importance","San Francisco"
2018,0.0527423122446697,"Non-DTS groundfish Node Strength","San Francisco"
2018,0.0227517788910527,"Non-DTS groundfish Importance","San Francisco"
2018,0.282061776340446,"Salmon Node Strength","Monterey"
2018,0.00465005443529967,"Salmon Importance","Monterey"
2018,0.0281316595332028,"Non-DTS groundfish Node Strength","Monterey"
2018,0.000341391821994953,"Non-DTS groundfish Importance","Monterey"
2018,0.178780086721159,"Non-DTS groundfish Node Strength","Santa Barbara"
2018,0.274953295445551,"Non-DTS groundfish Importance","Santa Barbara"
2018,0.0404376665442079,"Non-DTS groundfish Node Strength","Los Angeles"
2018,0.00361936909226462,"Non-DTS groundfish Importance","Los Angeles"
2019,0.0207058436704519,"Salmon Node Strength","Puget Sound"
2019,0.0237233197155938,"Salmon Importance","Puget Sound"
2019,0.621066920821367,"Salmon Node Strength","North WA Coast"
2019,1,"Salmon Importance","North WA Coast"
2019,0.084583081260428,"Salmon Node Strength","WA Coast"
2019,0.13003052457568,"Salmon Importance","WA Coast"
2019,0.084583081260428,"Salmon Node Strength","WA Coast"
2019,0.13003052457568,"Salmon Importance","WA Coast"
2019,0.743010968815284,"Non-DTS groundfish Node Strength","Astoria"
2019,1,"Non-DTS groundfish Importance","Astoria"
2019,0.1234041823054,"Non-DTS groundfish Node Strength","Tillamook"
2019,0.151309083031887,"Non-DTS groundfish Importance","Tillamook"
2019,0.103524052221075,"Salmon Node Strength","Tillamook"
2019,0.126268321430771,"Salmon Importance","Tillamook"
2019,0.251007600210367,"Non-DTS groundfish Node Strength","Newport"
2019,0.319313994042524,"Non-DTS groundfish Importance","Newport"
2019,0.0603277340401697,"Salmon Node Strength","Newport"
2019,0.0878243965956043,"Salmon Importance","Newport"
2019,0.146926527021159,"Non-DTS groundfish Node Strength","Coos Bay"
2019,0.228920261783749,"Non-DTS groundfish Importance","Coos Bay"
2019,0.0240586892126608,"Salmon Node Strength","Coos Bay"
2019,0.0261807881476012,"Salmon Importance","Coos Bay"
2019,0.415731308704977,"Non-DTS groundfish Node Strength","Brookings"
2019,0.673570079224903,"Non-DTS groundfish Importance","Brookings"
2019,0.120314792469023,"Salmon Node Strength","Brookings"
2019,0.204854901118869,"Salmon Importance","Brookings"
2019,0.16285146271921,"Non-DTS groundfish Node Strength","Crescent City"
2019,0.26289397855299,"Non-DTS groundfish Importance","Crescent City"
2019,0.574533989276733,"Non-DTS groundfish Node Strength","Eureka"
2019,0.905986045553767,"Non-DTS groundfish Importance","Eureka"
2019,0.176296927161529,"Salmon Node Strength","Morro Bay"
2019,0.235967973726781,"Salmon Importance","Morro Bay"
2019,0.344498930057117,"Non-DTS groundfish Node Strength","Morro Bay"
2019,0.339478335595052,"Non-DTS groundfish Importance","Morro Bay"
2019,0.539129326700211,"Non-DTS groundfish Node Strength","Fort Bragg"
2019,0.97292920507647,"Non-DTS groundfish Importance","Fort Bragg"
2019,0.308274715444404,"Salmon Node Strength","Fort Bragg"
2019,0.210375621861748,"Salmon Importance","Fort Bragg"
2019,0.924227263617887,"Salmon Node Strength","Bodega Bay"
2019,0.997206913809135,"Salmon Importance","Bodega Bay"
2019,0.0030212045435633,"Non-DTS groundfish Node Strength","Bodega Bay"
2019,0.000510461625688474,"Non-DTS groundfish Importance","Bodega Bay"
2019,0.661645425299509,"Salmon Node Strength","San Francisco"
2019,0.972484080633893,"Salmon Importance","San Francisco"
2019,0.0946503925442276,"Non-DTS groundfish Node Strength","San Francisco"
2019,0.11315997697637,"Non-DTS groundfish Importance","San Francisco"
2019,0.51292980145735,"Salmon Node Strength","Monterey"
2019,1,"Salmon Importance","Monterey"
2019,0.34604757442403,"Non-DTS groundfish Node Strength","Monterey"
2019,0.788709468406187,"Non-DTS groundfish Importance","Monterey"
2019,0.0294984572384991,"Non-DTS groundfish Node Strength","Los Angeles"
2019,0.00394569420445168,"Non-DTS groundfish Importance","Los Angeles"
2020,0.036624924067695,"Salmon Node Strength","Puget Sound"
2020,0.0424406814782233,"Salmon Importance","Puget Sound"
2020,0.302891474562906,"Salmon Node Strength","North WA Coast"
2020,0.0180544708091719,"Salmon Importance","North WA Coast"
2020,0.0799607504714735,"Salmon Node Strength","WA Coast"
2020,0.121900512619667,"Salmon Importance","WA Coast"
2020,0.0799607504714735,"Salmon Node Strength","WA Coast"
2020,0.121900512619667,"Salmon Importance","WA Coast"
2020,0.755127615059069,"Non-DTS groundfish Node Strength","Astoria"
2020,1,"Non-DTS groundfish Importance","Astoria"
2020,0.0447786229992357,"Non-DTS groundfish Node Strength","Tillamook"
2020,0.0375301665582728,"Non-DTS groundfish Importance","Tillamook"
2020,0.0326023896043721,"Salmon Node Strength","Tillamook"
2020,0.0254600201415973,"Salmon Importance","Tillamook"
2020,0.0948904389306267,"Salmon Node Strength","Newport"
2020,0.108875952620485,"Salmon Importance","Newport"
2020,0.105035834969536,"Non-DTS groundfish Node Strength","Coos Bay"
2020,0.190309899883724,"Non-DTS groundfish Importance","Coos Bay"
2020,0.0429127265049424,"Salmon Node Strength","Coos Bay"
2020,0.036597712867665,"Salmon Importance","Coos Bay"
2020,0.387612685881188,"Non-DTS groundfish Node Strength","Brookings"
2020,0.537997331364439,"Non-DTS groundfish Importance","Brookings"
2020,0.0890894868782858,"Salmon Node Strength","Brookings"
2020,0.0899580622417423,"Salmon Importance","Brookings"
2020,0.195595417605172,"Non-DTS groundfish Node Strength","Crescent City"
2020,0.223472810004886,"Non-DTS groundfish Importance","Crescent City"
2020,0.0276219719531889,"Salmon Node Strength","Crescent City"
2020,0.0256433060597301,"Salmon Importance","Crescent City"
2020,0.740676895024488,"Non-DTS groundfish Node Strength","Eureka"
2020,0.984302318620847,"Non-DTS groundfish Importance","Eureka"
2020,0.0941815141054996,"Salmon Node Strength","Eureka"
2020,0.061001843744743,"Salmon Importance","Eureka"
2020,0.374656663997545,"Salmon Node Strength","Morro Bay"
2020,0.633341755053921,"Salmon Importance","Morro Bay"
2020,0.435478178590098,"Non-DTS groundfish Node Strength","Morro Bay"
2020,0.693272097360666,"Non-DTS groundfish Importance","Morro Bay"
2020,0.405827559021295,"Salmon Node Strength","Fort Bragg"
2020,0.389192276165899,"Salmon Importance","Fort Bragg"
2020,0.546502794094484,"Non-DTS groundfish Node Strength","Fort Bragg"
2020,0.972343963764554,"Non-DTS groundfish Importance","Fort Bragg"
2020,0.996757707047137,"Salmon Node Strength","Bodega Bay"
2020,1,"Salmon Importance","Bodega Bay"
2020,0.00273284665370401,"Non-DTS groundfish Node Strength","Bodega Bay"
2020,0.00159852457499533,"Non-DTS groundfish Importance","Bodega Bay"
2020,0.684614769279243,"Salmon Node Strength","San Francisco"
2020,0.978138650887358,"Salmon Importance","San Francisco"
2020,0.117596316082297,"Non-DTS groundfish Node Strength","San Francisco"
2020,0.136771146371405,"Non-DTS groundfish Importance","San Francisco"
2020,0.0348299243106662,"Non-DTS groundfish Node Strength","San Diego"
2020,0.030367493209114,"Non-DTS groundfish Importance","San Diego"
2020,0.317857569816773,"Non-DTS groundfish Node Strength","Monterey"
2020,0.717004733320908,"Non-DTS groundfish Importance","Monterey"
2020,0.574448271131501,"Salmon Node Strength","Monterey"
2020,1,"Salmon Importance","Monterey"
2020,0.16023926438896,"Non-DTS groundfish Node Strength","Santa Barbara"
2020,0.290037509734238,"Non-DTS groundfish Importance","Santa Barbara"
2020,0,"Salmon Node Strength","Santa Barbara"
2020,0,"Salmon Importance","Santa Barbara"
2020,0.0571248666260203,"Non-DTS groundfish Node Strength","Los Angeles"
2020,0.00302844362738217,"Non-DTS groundfish Importance","Los Angeles"
2021,0.160231637626489,"Salmon Node Strength","Puget Sound"
2021,0.314383310448056,"Salmon Importance","Puget Sound"
2021,0.380451259704094,"Salmon Node Strength","North WA Coast"
2021,0,"Salmon Importance","North WA Coast"
2021,0.128064865755255,"Salmon Node Strength","WA Coast"
2021,0.190398639571965,"Salmon Importance","WA Coast"
2021,0.128064865755255,"Salmon Node Strength","WA Coast"
2021,0.190398639571965,"Salmon Importance","WA Coast"
2021,0.649800565438216,"Non-DTS groundfish Node Strength","Astoria"
2021,1,"Non-DTS groundfish Importance","Astoria"
2021,0.00533697680756139,"Salmon Node Strength","Astoria"
2021,0.00209453954073946,"Salmon Importance","Astoria"
2021,0.0274327790164719,"Non-DTS groundfish Node Strength","Tillamook"
2021,0.0239382378419179,"Non-DTS groundfish Importance","Tillamook"
2021,0.121154901175243,"Salmon Node Strength","Tillamook"
2021,0.132699653423686,"Salmon Importance","Tillamook"
2021,0.294179979776483,"Non-DTS groundfish Node Strength","Newport"
2021,0.47955818872983,"Non-DTS groundfish Importance","Newport"
2021,0.0695752507781425,"Salmon Node Strength","Newport"
2021,0.123807238820543,"Salmon Importance","Newport"
2021,0.0716629775918621,"Salmon Node Strength","Coos Bay"
2021,0.070070806813665,"Salmon Importance","Coos Bay"
2021,0.196697912667718,"Non-DTS groundfish Node Strength","Brookings"
2021,0.337945753471576,"Non-DTS groundfish Importance","Brookings"
2021,0.0601820136454452,"Salmon Node Strength","Brookings"
2021,0.0995497398035638,"Salmon Importance","Brookings"
2021,0.192347614360047,"Non-DTS groundfish Node Strength","Crescent City"
2021,0.30113125075072,"Non-DTS groundfish Importance","Crescent City"
2021,0.488305768822427,"Non-DTS groundfish Node Strength","Eureka"
2021,0.824964772606839,"Non-DTS groundfish Importance","Eureka"
2021,0.740517992636254,"Non-DTS groundfish Node Strength","Morro Bay"
2021,1,"Non-DTS groundfish Importance","Morro Bay"
2021,0.360759631799233,"Salmon Node Strength","Morro Bay"
2021,0.727743349085572,"Salmon Importance","Morro Bay"
2021,0.236061392945147,"Salmon Node Strength","Fort Bragg"
2021,0.226818712171823,"Salmon Importance","Fort Bragg"
2021,0.665209741316803,"Non-DTS groundfish Node Strength","Fort Bragg"
2021,0.98930366338678,"Non-DTS groundfish Importance","Fort Bragg"
2021,0.96002341311592,"Salmon Node Strength","Bodega Bay"
2021,0.999972666215869,"Salmon Importance","Bodega Bay"
2021,0.734166087137019,"Salmon Node Strength","San Francisco"
2021,0.979207266580427,"Salmon Importance","San Francisco"
2021,0.117698751124556,"Non-DTS groundfish Node Strength","San Francisco"
2021,0.148394457986321,"Non-DTS groundfish Importance","San Francisco"
2021,0.0563789468271541,"Non-DTS groundfish Node Strength","San Diego"
2021,0.0312338926860037,"Non-DTS groundfish Importance","San Diego"
2021,0.552094420635385,"Salmon Node Strength","Monterey"
2021,1,"Salmon Importance","Monterey"
2021,0.217094726725783,"Non-DTS groundfish Node Strength","Monterey"
2021,0.470137584332027,"Non-DTS groundfish Importance","Monterey"
2021,0,"Salmon Node Strength","Santa Barbara"
2021,1.93182191441073e-22,"Salmon Importance","Santa Barbara"
2021,0.0472905960461305,"Non-DTS groundfish Node Strength","Los Angeles"
2021,0.0140671211549388,"Non-DTS groundfish Importance","Los Angeles"
2022,0.0739127676493644,"Salmon Node Strength","Puget Sound"
2022,0.10273933646031,"Salmon Importance","Puget Sound"
2022,0.291799192470321,"Salmon Node Strength","North WA Coast"
2022,1.11930419417886e-16,"Salmon Importance","North WA Coast"
2022,0.251211992900308,"Salmon Node Strength","WA Coast"
2022,0.557395621270102,"Salmon Importance","WA Coast"
2022,0.251211992900308,"Salmon Node Strength","WA Coast"
2022,0.557395621270102,"Salmon Importance","WA Coast"
2022,0.00181543246820971,"Salmon Node Strength","Astoria"
2022,0.00196397286839746,"Salmon Importance","Astoria"
2022,0.70180610871798,"Non-DTS groundfish Node Strength","Astoria"
2022,1,"Non-DTS groundfish Importance","Astoria"
2022,0.856734440528311,"Non-DTS groundfish Node Strength","Tillamook"
2022,0.99376628566868,"Non-DTS groundfish Importance","Tillamook"
2022,0.257422887621985,"Salmon Node Strength","Tillamook"
2022,0.32709979117512,"Salmon Importance","Tillamook"
2022,0.497871082057752,"Non-DTS groundfish Node Strength","Newport"
2022,0.73264495560252,"Non-DTS groundfish Importance","Newport"
2022,0.275122240549078,"Non-DTS groundfish Node Strength","Brookings"
2022,0.328987490919301,"Non-DTS groundfish Importance","Brookings"
2022,0.0570138306034709,"Salmon Node Strength","Brookings"
2022,0.0482677157677288,"Salmon Importance","Brookings"
2022,0.202475468878183,"Non-DTS groundfish Node Strength","Crescent City"
2022,0.251643888046898,"Non-DTS groundfish Importance","Crescent City"
2022,0.504291182382397,"Non-DTS groundfish Node Strength","Eureka"
2022,0.800007042047509,"Non-DTS groundfish Importance","Eureka"
2022,0.977041915358451,"Non-DTS groundfish Node Strength","Morro Bay"
2022,1,"Non-DTS groundfish Importance","Morro Bay"
2022,0.707018881388428,"Non-DTS groundfish Node Strength","Fort Bragg"
2022,0.933006946035755,"Non-DTS groundfish Importance","Fort Bragg"
2022,0.194027271160084,"Non-DTS groundfish Node Strength","Bodega Bay"
2022,0.174334851254312,"Non-DTS groundfish Importance","Bodega Bay"
2022,0.285365686771114,"Non-DTS groundfish Node Strength","San Francisco"
2022,0.560933052494058,"Non-DTS groundfish Importance","San Francisco"
2022,0.0487147762737564,"Non-DTS groundfish Node Strength","San Diego"
2022,0.0504747275328654,"Non-DTS groundfish Importance","San Diego"
2022,0.469845338595049,"Non-DTS groundfish Node Strength","Monterey"
2022,0.92073306559126,"Non-DTS groundfish Importance","Monterey"
2022,0.135401424096325,"Non-DTS groundfish Node Strength","Santa Barbara"
2022,0.227559563053707,"Non-DTS groundfish Importance","Santa Barbara"
2022,0.0805591338161797,"Non-DTS groundfish Node Strength","Los Angeles"
2022,0.0124196092062761,"Non-DTS groundfish Importance","Los Angeles"
2023,0.175983995472378,"Salmon Node Strength","Puget Sound"
2023,0.232144287564925,"Salmon Importance","Puget Sound"
2023,0.498308953441183,"Salmon Node Strength","North WA Coast"
2023,0.187641523949028,"Salmon Importance","North WA Coast"
2023,0.189620293608097,"Salmon Node Strength","WA Coast"
2023,0.301300786219966,"Salmon Importance","WA Coast"
2023,0.189620293608097,"Salmon Node Strength","WA Coast"
2023,0.301300786219966,"Salmon Importance","WA Coast"
2023,0.621129510297633,"Non-DTS groundfish Node Strength","Astoria"
2023,1,"Non-DTS groundfish Importance","Astoria"
2023,0.00768628526206329,"Salmon Node Strength","Astoria"
2023,0.00545464879939639,"Salmon Importance","Astoria"
2023,0.101055092555817,"Non-DTS groundfish Node Strength","Tillamook"
2023,0.111626173821678,"Non-DTS groundfish Importance","Tillamook"
2023,0.205425594541738,"Non-DTS groundfish Node Strength","Newport"
2023,0.296081043186173,"Non-DTS groundfish Importance","Newport"
2023,0.0940625775193127,"Salmon Node Strength","Newport"
2023,0.120294709125877,"Salmon Importance","Newport"
2023,0.0924602026638218,"Salmon Node Strength","Coos Bay"
2023,0.0689194199687353,"Salmon Importance","Coos Bay"
2023,0.730182419740675,"Non-DTS groundfish Node Strength","Brookings"
2023,0.957975823227886,"Non-DTS groundfish Importance","Brookings"
2023,0.278327923562277,"Salmon Node Strength","Brookings"
2023,0.388933262879729,"Salmon Importance","Brookings"
2023,0.073163271326637,"Non-DTS groundfish Node Strength","Crescent City"
2023,0.104035462500516,"Non-DTS groundfish Importance","Crescent City"
2023,0.505324864027544,"Non-DTS groundfish Node Strength","Eureka"
2023,0.773778044968334,"Non-DTS groundfish Importance","Eureka"
2023,0.875522698508272,"Non-DTS groundfish Node Strength","Morro Bay"
2023,1,"Non-DTS groundfish Importance","Morro Bay"
2023,0.742038068513957,"Non-DTS groundfish Node Strength","Fort Bragg"
2023,0.943233153525247,"Non-DTS groundfish Importance","Fort Bragg"
2023,0.140465136173695,"Non-DTS groundfish Node Strength","Bodega Bay"
2023,0.100744421245339,"Non-DTS groundfish Importance","Bodega Bay"
2023,0.0952284541087804,"Non-DTS groundfish Node Strength","San Diego"
2023,0.116078348935428,"Non-DTS groundfish Importance","San Diego"
2023,0.413086640264517,"Non-DTS groundfish Node Strength","Monterey"
2023,0.948458525129559,"Non-DTS groundfish Importance","Monterey"
2023,0.122765868068726,"Non-DTS groundfish Node Strength","Santa Barbara"
2023,0.219412687567245,"Non-DTS groundfish Importance","Santa Barbara"
2004,0.272727272727273,"edge density","Puget Sound"
2004,11,"number of fisheries","Puget Sound"
2004,0.523809523809524,"edge density","North WA Coast"
2004,7,"number of fisheries","North WA Coast"
2004,0.785714285714286,"edge density","WA Coast"
2004,8,"number of fisheries","WA Coast"
2004,0.638888888888889,"edge density","Astoria"
2004,9,"number of fisheries","Astoria"
2004,0.533333333333333,"edge density","Tillamook"
2004,6,"number of fisheries","Tillamook"
2004,0.464285714285714,"edge density","Newport"
2004,8,"number of fisheries","Newport"
2004,0.476190476190476,"edge density","Coos Bay"
2004,7,"number of fisheries","Coos Bay"
2004,0.6,"edge density","Brookings"
2004,6,"number of fisheries","Brookings"
2004,1,"edge density","Crescent City"
2004,3,"number of fisheries","Crescent City"
2004,0.533333333333333,"edge density","Eureka"
2004,6,"number of fisheries","Eureka"
2004,0.428571428571429,"edge density","Morro Bay"
2004,8,"number of fisheries","Morro Bay"
2004,0.9,"edge density","Fort Bragg"
2004,5,"number of fisheries","Fort Bragg"
2004,0.285714285714286,"edge density","Bodega Bay"
2004,7,"number of fisheries","Bodega Bay"
2004,0.472222222222222,"edge density","San Francisco"
2004,9,"number of fisheries","San Francisco"
2004,0.619047619047619,"edge density","San Diego"
2004,7,"number of fisheries","San Diego"
2004,0.555555555555556,"edge density","Monterey"
2004,10,"number of fisheries","Monterey"
2004,0.714285714285714,"edge density","Santa Barbara"
2004,7,"number of fisheries","Santa Barbara"
2004,0.733333333333333,"edge density","Los Angeles"
2004,10,"number of fisheries","Los Angeles"
2005,0.277777777777778,"edge density","Puget Sound"
2005,9,"number of fisheries","Puget Sound"
2005,0.380952380952381,"edge density","North WA Coast"
2005,7,"number of fisheries","North WA Coast"
2005,0.642857142857143,"edge density","WA Coast"
2005,8,"number of fisheries","WA Coast"
2005,0.607142857142857,"edge density","Astoria"
2005,8,"number of fisheries","Astoria"
2005,0.8,"edge density","Tillamook"
2005,5,"number of fisheries","Tillamook"
2005,0.8,"edge density","Newport"
2005,6,"number of fisheries","Newport"
2005,0.761904761904762,"edge density","Coos Bay"
2005,7,"number of fisheries","Coos Bay"
2005,1,"edge density","Brookings"
2005,3,"number of fisheries","Brookings"
2005,1,"edge density","Crescent City"
2005,2,"number of fisheries","Crescent City"
2005,0.833333333333333,"edge density","Eureka"
2005,4,"number of fisheries","Eureka"
2005,0.666666666666667,"edge density","Morro Bay"
2005,6,"number of fisheries","Morro Bay"
2005,0.761904761904762,"edge density","Fort Bragg"
2005,7,"number of fisheries","Fort Bragg"
2005,0.266666666666667,"edge density","Bodega Bay"
2005,6,"number of fisheries","Bodega Bay"
2005,0.555555555555556,"edge density","San Francisco"
2005,9,"number of fisheries","San Francisco"
2005,0.533333333333333,"edge density","San Diego"
2005,6,"number of fisheries","San Diego"
2005,0.644444444444444,"edge density","Monterey"
2005,10,"number of fisheries","Monterey"
2005,0.535714285714286,"edge density","Santa Barbara"
2005,8,"number of fisheries","Santa Barbara"
2005,0.619047619047619,"edge density","Los Angeles"
2005,7,"number of fisheries","Los Angeles"
2006,0.25,"edge density","Puget Sound"
2006,8,"number of fisheries","Puget Sound"
2006,0.428571428571429,"edge density","North WA Coast"
2006,7,"number of fisheries","North WA Coast"
2006,0.809523809523809,"edge density","WA Coast"
2006,7,"number of fisheries","WA Coast"
2006,0.571428571428571,"edge density","Astoria"
2006,8,"number of fisheries","Astoria"
2006,0.666666666666667,"edge density","Tillamook"
2006,6,"number of fisheries","Tillamook"
2006,0.866666666666667,"edge density","Newport"
2006,6,"number of fisheries","Newport"
2006,0.904761904761905,"edge density","Coos Bay"
2006,7,"number of fisheries","Coos Bay"
2006,0.8,"edge density","Brookings"
2006,6,"number of fisheries","Brookings"
2006,0.666666666666667,"edge density","Crescent City"
2006,4,"number of fisheries","Crescent City"
2006,0.933333333333333,"edge density","Eureka"
2006,6,"number of fisheries","Eureka"
2006,0.8,"edge density","Morro Bay"
2006,6,"number of fisheries","Morro Bay"
2006,1,"edge density","Fort Bragg"
2006,5,"number of fisheries","Fort Bragg"
2006,0.4,"edge density","Bodega Bay"
2006,6,"number of fisheries","Bodega Bay"
2006,0.571428571428571,"edge density","San Francisco"
2006,7,"number of fisheries","San Francisco"
2006,0.733333333333333,"edge density","San Diego"
2006,6,"number of fisheries","San Diego"
2006,0.577777777777778,"edge density","Monterey"
2006,10,"number of fisheries","Monterey"
2006,0.857142857142857,"edge density","Santa Barbara"
2006,7,"number of fisheries","Santa Barbara"
2006,0.666666666666667,"edge density","Los Angeles"
2006,9,"number of fisheries","Los Angeles"
2007,0.305555555555556,"edge density","Puget Sound"
2007,9,"number of fisheries","Puget Sound"
2007,0.533333333333333,"edge density","North WA Coast"
2007,6,"number of fisheries","North WA Coast"
2007,0.857142857142857,"edge density","WA Coast"
2007,8,"number of fisheries","WA Coast"
2007,0.857142857142857,"edge density","WA Coast"
2007,8,"number of fisheries","WA Coast"
2007,0.666666666666667,"edge density","Astoria"
2007,7,"number of fisheries","Astoria"
2007,0.5,"edge density","Tillamook"
2007,8,"number of fisheries","Tillamook"
2007,0.523809523809524,"edge density","Newport"
2007,7,"number of fisheries","Newport"
2007,0.619047619047619,"edge density","Coos Bay"
2007,7,"number of fisheries","Coos Bay"
2007,0.571428571428571,"edge density","Brookings"
2007,7,"number of fisheries","Brookings"
2007,0.666666666666667,"edge density","Crescent City"
2007,6,"number of fisheries","Crescent City"
2007,0.666666666666667,"edge density","Eureka"
2007,6,"number of fisheries","Eureka"
2007,0.733333333333333,"edge density","Morro Bay"
2007,6,"number of fisheries","Morro Bay"
2007,1,"edge density","Fort Bragg"
2007,4,"number of fisheries","Fort Bragg"
2007,0.466666666666667,"edge density","Bodega Bay"
2007,6,"number of fisheries","Bodega Bay"
2007,0.392857142857143,"edge density","San Francisco"
2007,8,"number of fisheries","San Francisco"
2007,0.666666666666667,"edge density","San Diego"
2007,6,"number of fisheries","San Diego"
2007,0.571428571428571,"edge density","Monterey"
2007,8,"number of fisheries","Monterey"
2007,0.785714285714286,"edge density","Santa Barbara"
2007,8,"number of fisheries","Santa Barbara"
2007,0.6,"edge density","Los Angeles"
2007,10,"number of fisheries","Los Angeles"
2008,0.166666666666667,"edge density","Puget Sound"
2008,9,"number of fisheries","Puget Sound"
2008,0.266666666666667,"edge density","North WA Coast"
2008,6,"number of fisheries","North WA Coast"
2008,0.916666666666667,"edge density","WA Coast"
2008,9,"number of fisheries","WA Coast"
2008,0.916666666666667,"edge density","WA Coast"
2008,9,"number of fisheries","WA Coast"
2008,0.714285714285714,"edge density","Astoria"
2008,8,"number of fisheries","Astoria"
2008,0.4,"edge density","Tillamook"
2008,6,"number of fisheries","Tillamook"
2008,0.9,"edge density","Newport"
2008,5,"number of fisheries","Newport"
2008,1,"edge density","Coos Bay"
2008,5,"number of fisheries","Coos Bay"
2008,0.6,"edge density","Brookings"
2008,5,"number of fisheries","Brookings"
2008,0.6,"edge density","Crescent City"
2008,5,"number of fisheries","Crescent City"
2008,0.666666666666667,"edge density","Eureka"
2008,6,"number of fisheries","Eureka"
2008,0.6,"edge density","Morro Bay"
2008,6,"number of fisheries","Morro Bay"
2008,0.833333333333333,"edge density","Fort Bragg"
2008,4,"number of fisheries","Fort Bragg"
2008,0.571428571428571,"edge density","Bodega Bay"
2008,7,"number of fisheries","Bodega Bay"
2008,0.583333333333333,"edge density","San Francisco"
2008,9,"number of fisheries","San Francisco"
2008,0.714285714285714,"edge density","San Diego"
2008,7,"number of fisheries","San Diego"
2008,0.583333333333333,"edge density","Monterey"
2008,9,"number of fisheries","Monterey"
2008,0.805555555555556,"edge density","Santa Barbara"
2008,9,"number of fisheries","Santa Barbara"
2008,0.5,"edge density","Los Angeles"
2008,8,"number of fisheries","Los Angeles"
2009,0.288888888888889,"edge density","Puget Sound"
2009,10,"number of fisheries","Puget Sound"
2009,0.4,"edge density","North WA Coast"
2009,6,"number of fisheries","North WA Coast"
2009,0.714285714285714,"edge density","WA Coast"
2009,8,"number of fisheries","WA Coast"
2009,0.714285714285714,"edge density","WA Coast"
2009,8,"number of fisheries","WA Coast"
2009,0.571428571428571,"edge density","Astoria"
2009,8,"number of fisheries","Astoria"
2009,0.733333333333333,"edge density","Tillamook"
2009,6,"number of fisheries","Tillamook"
2009,0.733333333333333,"edge density","Newport"
2009,6,"number of fisheries","Newport"
2009,0.866666666666667,"edge density","Coos Bay"
2009,6,"number of fisheries","Coos Bay"
2009,1,"edge density","Brookings"
2009,5,"number of fisheries","Brookings"
2009,0.333333333333333,"edge density","Crescent City"
2009,4,"number of fisheries","Crescent City"
2009,0.7,"edge density","Eureka"
2009,5,"number of fisheries","Eureka"
2009,0.571428571428571,"edge density","Morro Bay"
2009,7,"number of fisheries","Morro Bay"
2009,0.8,"edge density","Fort Bragg"
2009,6,"number of fisheries","Fort Bragg"
2009,0.666666666666667,"edge density","Bodega Bay"
2009,6,"number of fisheries","Bodega Bay"
2009,0.8,"edge density","San Francisco"
2009,5,"number of fisheries","San Francisco"
2009,0.523809523809524,"edge density","San Diego"
2009,7,"number of fisheries","San Diego"
2009,0.642857142857143,"edge density","Monterey"
2009,8,"number of fisheries","Monterey"
2009,0.821428571428571,"edge density","Santa Barbara"
2009,8,"number of fisheries","Santa Barbara"
2009,0.577777777777778,"edge density","Los Angeles"
2009,10,"number of fisheries","Los Angeles"
2010,0.25,"edge density","Puget Sound"
2010,9,"number of fisheries","Puget Sound"
2010,0.333333333333333,"edge density","North WA Coast"
2010,7,"number of fisheries","North WA Coast"
2010,0.733333333333333,"edge density","WA Coast"
2010,6,"number of fisheries","WA Coast"
2010,0.733333333333333,"edge density","WA Coast"
2010,6,"number of fisheries","WA Coast"
2010,0.666666666666667,"edge density","Astoria"
2010,7,"number of fisheries","Astoria"
2010,0.428571428571429,"edge density","Tillamook"
2010,7,"number of fisheries","Tillamook"
2010,0.714285714285714,"edge density","Newport"
2010,7,"number of fisheries","Newport"
2010,0.619047619047619,"edge density","Coos Bay"
2010,7,"number of fisheries","Coos Bay"
2010,0.8,"edge density","Brookings"
2010,5,"number of fisheries","Brookings"
2010,0.733333333333333,"edge density","Crescent City"
2010,6,"number of fisheries","Crescent City"
2010,0.8,"edge density","Eureka"
2010,5,"number of fisheries","Eureka"
2010,0.694444444444444,"edge density","Morro Bay"
2010,9,"number of fisheries","Morro Bay"
2010,1,"edge density","Fort Bragg"
2010,4,"number of fisheries","Fort Bragg"
2010,0.4,"edge density","Bodega Bay"
2010,6,"number of fisheries","Bodega Bay"
2010,0.733333333333333,"edge density","San Francisco"
2010,6,"number of fisheries","San Francisco"
2010,0.428571428571429,"edge density","San Diego"
2010,7,"number of fisheries","San Diego"
2010,0.622222222222222,"edge density","Monterey"
2010,10,"number of fisheries","Monterey"
2010,0.892857142857143,"edge density","Santa Barbara"
2010,8,"number of fisheries","Santa Barbara"
2010,0.571428571428571,"edge density","Los Angeles"
2010,8,"number of fisheries","Los Angeles"
2011,0.25,"edge density","Puget Sound"
2011,9,"number of fisheries","Puget Sound"
2011,0.3,"edge density","North WA Coast"
2011,5,"number of fisheries","North WA Coast"
2011,0.75,"edge density","WA Coast"
2011,8,"number of fisheries","WA Coast"
2011,0.75,"edge density","WA Coast"
2011,8,"number of fisheries","WA Coast"
2011,0.464285714285714,"edge density","Astoria"
2011,8,"number of fisheries","Astoria"
2011,0.733333333333333,"edge density","Tillamook"
2011,6,"number of fisheries","Tillamook"
2011,0.933333333333333,"edge density","Newport"
2011,6,"number of fisheries","Newport"
2011,0.933333333333333,"edge density","Coos Bay"
2011,6,"number of fisheries","Coos Bay"
2011,0.9,"edge density","Brookings"
2011,5,"number of fisheries","Brookings"
2011,0.666666666666667,"edge density","Crescent City"
2011,4,"number of fisheries","Crescent City"
2011,0.8,"edge density","Eureka"
2011,5,"number of fisheries","Eureka"
2011,0.666666666666667,"edge density","Morro Bay"
2011,9,"number of fisheries","Morro Bay"
2011,0.9,"edge density","Fort Bragg"
2011,5,"number of fisheries","Fort Bragg"
2011,0.466666666666667,"edge density","Bodega Bay"
2011,6,"number of fisheries","Bodega Bay"
2011,0.607142857142857,"edge density","San Francisco"
2011,8,"number of fisheries","San Francisco"
2011,0.476190476190476,"edge density","San Diego"
2011,7,"number of fisheries","San Diego"
2011,0.577777777777778,"edge density","Monterey"
2011,10,"number of fisheries","Monterey"
2011,0.866666666666667,"edge density","Santa Barbara"
2011,10,"number of fisheries","Santa Barbara"
2011,0.644444444444444,"edge density","Los Angeles"
2011,10,"number of fisheries","Los Angeles"
2012,0.277777777777778,"edge density","Puget Sound"
2012,9,"number of fisheries","Puget Sound"
2012,0.6,"edge density","North WA Coast"
2012,6,"number of fisheries","North WA Coast"
2012,0.809523809523809,"edge density","WA Coast"
2012,7,"number of fisheries","WA Coast"
2012,0.607142857142857,"edge density","Astoria"
2012,8,"number of fisheries","Astoria"
2012,1,"edge density","Tillamook"
2012,4,"number of fisheries","Tillamook"
2012,0.785714285714286,"edge density","Newport"
2012,8,"number of fisheries","Newport"
2012,0.952380952380952,"edge density","Coos Bay"
2012,7,"number of fisheries","Coos Bay"
2012,0.809523809523809,"edge density","Brookings"
2012,7,"number of fisheries","Brookings"
2012,0.666666666666667,"edge density","Crescent City"
2012,3,"number of fisheries","Crescent City"
2012,0.8,"edge density","Eureka"
2012,5,"number of fisheries","Eureka"
2012,0.642857142857143,"edge density","Morro Bay"
2012,8,"number of fisheries","Morro Bay"
2012,0.833333333333333,"edge density","Fort Bragg"
2012,4,"number of fisheries","Fort Bragg"
2012,0.7,"edge density","Bodega Bay"
2012,5,"number of fisheries","Bodega Bay"
2012,0.694444444444444,"edge density","San Francisco"
2012,9,"number of fisheries","San Francisco"
2012,0.535714285714286,"edge density","San Diego"
2012,8,"number of fisheries","San Diego"
2012,0.6,"edge density","Monterey"
2012,10,"number of fisheries","Monterey"
2012,0.733333333333333,"edge density","Santa Barbara"
2012,6,"number of fisheries","Santa Barbara"
2012,0.555555555555556,"edge density","Los Angeles"
2012,10,"number of fisheries","Los Angeles"
2013,0.305555555555556,"edge density","Puget Sound"
2013,9,"number of fisheries","Puget Sound"
2013,0.466666666666667,"edge density","North WA Coast"
2013,6,"number of fisheries","North WA Coast"
2013,0.857142857142857,"edge density","WA Coast"
2013,7,"number of fisheries","WA Coast"
2013,0.821428571428571,"edge density","Astoria"
2013,8,"number of fisheries","Astoria"
2013,0.733333333333333,"edge density","Tillamook"
2013,6,"number of fisheries","Tillamook"
2013,0.809523809523809,"edge density","Newport"
2013,7,"number of fisheries","Newport"
2013,1,"edge density","Coos Bay"
2013,7,"number of fisheries","Coos Bay"
2013,0.9,"edge density","Brookings"
2013,5,"number of fisheries","Brookings"
2013,0.6,"edge density","Crescent City"
2013,5,"number of fisheries","Crescent City"
2013,0.533333333333333,"edge density","Eureka"
2013,6,"number of fisheries","Eureka"
2013,0.714285714285714,"edge density","Morro Bay"
2013,8,"number of fisheries","Morro Bay"
2013,0.619047619047619,"edge density","Fort Bragg"
2013,7,"number of fisheries","Fort Bragg"
2013,1,"edge density","Bodega Bay"
2013,4,"number of fisheries","Bodega Bay"
2013,0.6,"edge density","San Francisco"
2013,10,"number of fisheries","San Francisco"
2013,0.733333333333333,"edge density","San Diego"
2013,6,"number of fisheries","San Diego"
2013,0.555555555555556,"edge density","Monterey"
2013,9,"number of fisheries","Monterey"
2013,0.857142857142857,"edge density","Santa Barbara"
2013,7,"number of fisheries","Santa Barbara"
2013,0.678571428571429,"edge density","Los Angeles"
2013,8,"number of fisheries","Los Angeles"
2014,0.305555555555556,"edge density","Puget Sound"
2014,9,"number of fisheries","Puget Sound"
2014,0.333333333333333,"edge density","North WA Coast"
2014,6,"number of fisheries","North WA Coast"
2014,0.8,"edge density","WA Coast"
2014,6,"number of fisheries","WA Coast"
2014,0.821428571428571,"edge density","Astoria"
2014,8,"number of fisheries","Astoria"
2014,0.6,"edge density","Tillamook"
2014,6,"number of fisheries","Tillamook"
2014,0.714285714285714,"edge density","Newport"
2014,7,"number of fisheries","Newport"
2014,0.714285714285714,"edge density","Coos Bay"
2014,8,"number of fisheries","Coos Bay"
2014,0.9,"edge density","Brookings"
2014,5,"number of fisheries","Brookings"
2014,0.4,"edge density","Crescent City"
2014,5,"number of fisheries","Crescent City"
2014,0.866666666666667,"edge density","Eureka"
2014,6,"number of fisheries","Eureka"
2014,0.476190476190476,"edge density","Morro Bay"
2014,7,"number of fisheries","Morro Bay"
2014,0.866666666666667,"edge density","Fort Bragg"
2014,6,"number of fisheries","Fort Bragg"
2014,0.666666666666667,"edge density","Bodega Bay"
2014,6,"number of fisheries","Bodega Bay"
2014,0.555555555555556,"edge density","San Francisco"
2014,9,"number of fisheries","San Francisco"
2014,0.714285714285714,"edge density","San Diego"
2014,8,"number of fisheries","San Diego"
2014,0.733333333333333,"edge density","Monterey"
2014,10,"number of fisheries","Monterey"
2014,0.857142857142857,"edge density","Santa Barbara"
2014,7,"number of fisheries","Santa Barbara"
2014,0.571428571428571,"edge density","Los Angeles"
2014,8,"number of fisheries","Los Angeles"
2014,0.571428571428571,"edge density","Los Angeles"
2014,8,"number of fisheries","Los Angeles"
2015,0.305555555555556,"edge density","Puget Sound"
2015,9,"number of fisheries","Puget Sound"
2015,0.523809523809524,"edge density","North WA Coast"
2015,7,"number of fisheries","North WA Coast"
2015,0.866666666666667,"edge density","WA Coast"
2015,6,"number of fisheries","WA Coast"
2015,0.722222222222222,"edge density","Astoria"
2015,9,"number of fisheries","Astoria"
2015,0.7,"edge density","Tillamook"
2015,5,"number of fisheries","Tillamook"
2015,0.607142857142857,"edge density","Newport"
2015,8,"number of fisheries","Newport"
2015,0.619047619047619,"edge density","Coos Bay"
2015,7,"number of fisheries","Coos Bay"
2015,1,"edge density","Brookings"
2015,4,"number of fisheries","Brookings"
2015,0.833333333333333,"edge density","Crescent City"
2015,4,"number of fisheries","Crescent City"
2015,0.666666666666667,"edge density","Eureka"
2015,6,"number of fisheries","Eureka"
2015,0.355555555555556,"edge density","Morro Bay"
2015,10,"number of fisheries","Morro Bay"
2015,0.8,"edge density","Fort Bragg"
2015,6,"number of fisheries","Fort Bragg"
2015,0.6,"edge density","Bodega Bay"
2015,6,"number of fisheries","Bodega Bay"
2015,0.381818181818182,"edge density","San Francisco"
2015,11,"number of fisheries","San Francisco"
2015,0.785714285714286,"edge density","San Diego"
2015,8,"number of fisheries","San Diego"
2015,0.642857142857143,"edge density","Monterey"
2015,8,"number of fisheries","Monterey"
2015,0.785714285714286,"edge density","Santa Barbara"
2015,8,"number of fisheries","Santa Barbara"
2015,0.583333333333333,"edge density","Los Angeles"
2015,9,"number of fisheries","Los Angeles"
2016,0.277777777777778,"edge density","Puget Sound"
2016,9,"number of fisheries","Puget Sound"
2016,0.472222222222222,"edge density","North WA Coast"
2016,9,"number of fisheries","North WA Coast"
2016,0.8,"edge density","WA Coast"
2016,6,"number of fisheries","WA Coast"
2016,0.809523809523809,"edge density","Astoria"
2016,7,"number of fisheries","Astoria"
2016,0.533333333333333,"edge density","Tillamook"
2016,6,"number of fisheries","Tillamook"
2016,0.952380952380952,"edge density","Newport"
2016,7,"number of fisheries","Newport"
2016,0.857142857142857,"edge density","Coos Bay"
2016,7,"number of fisheries","Coos Bay"
2016,0.809523809523809,"edge density","Brookings"
2016,7,"number of fisheries","Brookings"
2016,0.666666666666667,"edge density","Crescent City"
2016,6,"number of fisheries","Crescent City"
2016,0.733333333333333,"edge density","Eureka"
2016,6,"number of fisheries","Eureka"
2016,0.422222222222222,"edge density","Morro Bay"
2016,10,"number of fisheries","Morro Bay"
2016,0.761904761904762,"edge density","Fort Bragg"
2016,7,"number of fisheries","Fort Bragg"
2016,0.8,"edge density","Bodega Bay"
2016,5,"number of fisheries","Bodega Bay"
2016,0.571428571428571,"edge density","San Francisco"
2016,7,"number of fisheries","San Francisco"
2016,0.761904761904762,"edge density","San Diego"
2016,7,"number of fisheries","San Diego"
2016,0.571428571428571,"edge density","Monterey"
2016,8,"number of fisheries","Monterey"
2016,0.821428571428571,"edge density","Santa Barbara"
2016,8,"number of fisheries","Santa Barbara"
2016,0.714285714285714,"edge density","Los Angeles"
2016,8,"number of fisheries","Los Angeles"
2017,0.25,"edge density","Puget Sound"
2017,9,"number of fisheries","Puget Sound"
2017,0.19047619047619,"edge density","North WA Coast"
2017,7,"number of fisheries","North WA Coast"
2017,0.666666666666667,"edge density","WA Coast"
2017,7,"number of fisheries","WA Coast"
2017,0.666666666666667,"edge density","WA Coast"
2017,7,"number of fisheries","WA Coast"
2017,0.733333333333333,"edge density","Astoria"
2017,6,"number of fisheries","Astoria"
2017,0.8,"edge density","Tillamook"
2017,5,"number of fisheries","Tillamook"
2017,0.722222222222222,"edge density","Newport"
2017,9,"number of fisheries","Newport"
2017,0.571428571428571,"edge density","Coos Bay"
2017,7,"number of fisheries","Coos Bay"
2017,0.9,"edge density","Brookings"
2017,5,"number of fisheries","Brookings"
2017,0.533333333333333,"edge density","Crescent City"
2017,6,"number of fisheries","Crescent City"
2017,0.8,"edge density","Eureka"
2017,6,"number of fisheries","Eureka"
2017,0.523809523809524,"edge density","Morro Bay"
2017,7,"number of fisheries","Morro Bay"
2017,0.8,"edge density","Fort Bragg"
2017,6,"number of fisheries","Fort Bragg"
2017,0.8,"edge density","Bodega Bay"
2017,5,"number of fisheries","Bodega Bay"
2017,0.533333333333333,"edge density","San Francisco"
2017,10,"number of fisheries","San Francisco"
2017,0.821428571428571,"edge density","San Diego"
2017,8,"number of fisheries","San Diego"
2017,0.555555555555556,"edge density","Monterey"
2017,9,"number of fisheries","Monterey"
2017,0.857142857142857,"edge density","Santa Barbara"
2017,7,"number of fisheries","Santa Barbara"
2017,0.666666666666667,"edge density","Los Angeles"
2017,10,"number of fisheries","Los Angeles"
2018,0.222222222222222,"edge density","Puget Sound"
2018,10,"number of fisheries","Puget Sound"
2018,0.333333333333333,"edge density","North WA Coast"
2018,7,"number of fisheries","North WA Coast"
2018,0.678571428571429,"edge density","WA Coast"
2018,8,"number of fisheries","WA Coast"
2018,0.678571428571429,"edge density","WA Coast"
2018,8,"number of fisheries","WA Coast"
2018,0.809523809523809,"edge density","Astoria"
2018,7,"number of fisheries","Astoria"
2018,0.6,"edge density","Tillamook"
2018,5,"number of fisheries","Tillamook"
2018,0.928571428571429,"edge density","Newport"
2018,8,"number of fisheries","Newport"
2018,0.535714285714286,"edge density","Coos Bay"
2018,8,"number of fisheries","Coos Bay"
2018,0.8,"edge density","Brookings"
2018,6,"number of fisheries","Brookings"
2018,0.5,"edge density","Crescent City"
2018,5,"number of fisheries","Crescent City"
2018,0.464285714285714,"edge density","Eureka"
2018,8,"number of fisheries","Eureka"
2018,0.5,"edge density","Morro Bay"
2018,9,"number of fisheries","Morro Bay"
2018,0.714285714285714,"edge density","Fort Bragg"
2018,7,"number of fisheries","Fort Bragg"
2018,1,"edge density","Bodega Bay"
2018,4,"number of fisheries","Bodega Bay"
2018,0.583333333333333,"edge density","San Francisco"
2018,9,"number of fisheries","San Francisco"
2018,0.571428571428571,"edge density","San Diego"
2018,8,"number of fisheries","San Diego"
2018,0.619047619047619,"edge density","Monterey"
2018,7,"number of fisheries","Monterey"
2018,0.857142857142857,"edge density","Santa Barbara"
2018,8,"number of fisheries","Santa Barbara"
2018,0.690909090909091,"edge density","Los Angeles"
2018,11,"number of fisheries","Los Angeles"
2019,0.285714285714286,"edge density","Puget Sound"
2019,8,"number of fisheries","Puget Sound"
2019,0.4,"edge density","North WA Coast"
2019,6,"number of fisheries","North WA Coast"
2019,0.666666666666667,"edge density","WA Coast"
2019,6,"number of fisheries","WA Coast"
2019,0.666666666666667,"edge density","WA Coast"
2019,6,"number of fisheries","WA Coast"
2019,0.666666666666667,"edge density","Astoria"
2019,6,"number of fisheries","Astoria"
2019,0.4,"edge density","Tillamook"
2019,6,"number of fisheries","Tillamook"
2019,0.809523809523809,"edge density","Newport"
2019,7,"number of fisheries","Newport"
2019,0.857142857142857,"edge density","Coos Bay"
2019,7,"number of fisheries","Coos Bay"
2019,0.533333333333333,"edge density","Brookings"
2019,6,"number of fisheries","Brookings"
2019,0.666666666666667,"edge density","Crescent City"
2019,4,"number of fisheries","Crescent City"
2019,0.666666666666667,"edge density","Eureka"
2019,6,"number of fisheries","Eureka"
2019,0.527777777777778,"edge density","Morro Bay"
2019,9,"number of fisheries","Morro Bay"
2019,0.733333333333333,"edge density","Fort Bragg"
2019,6,"number of fisheries","Fort Bragg"
2019,0.476190476190476,"edge density","Bodega Bay"
2019,7,"number of fisheries","Bodega Bay"
2019,0.678571428571429,"edge density","San Francisco"
2019,8,"number of fisheries","San Francisco"
2019,0.821428571428571,"edge density","San Diego"
2019,8,"number of fisheries","San Diego"
2019,0.619047619047619,"edge density","Monterey"
2019,7,"number of fisheries","Monterey"
2019,0.857142857142857,"edge density","Santa Barbara"
2019,7,"number of fisheries","Santa Barbara"
2019,0.577777777777778,"edge density","Los Angeles"
2019,10,"number of fisheries","Los Angeles"
2020,0.305555555555556,"edge density","Puget Sound"
2020,9,"number of fisheries","Puget Sound"
2020,0.333333333333333,"edge density","North WA Coast"
2020,7,"number of fisheries","North WA Coast"
2020,0.571428571428571,"edge density","WA Coast"
2020,7,"number of fisheries","WA Coast"
2020,0.571428571428571,"edge density","WA Coast"
2020,7,"number of fisheries","WA Coast"
2020,0.6,"edge density","Astoria"
2020,5,"number of fisheries","Astoria"
2020,0.6,"edge density","Tillamook"
2020,6,"number of fisheries","Tillamook"
2020,0.6,"edge density","Newport"
2020,6,"number of fisheries","Newport"
2020,0.777777777777778,"edge density","Coos Bay"
2020,9,"number of fisheries","Coos Bay"
2020,0.9,"edge density","Brookings"
2020,5,"number of fisheries","Brookings"
2020,0.733333333333333,"edge density","Crescent City"
2020,6,"number of fisheries","Crescent City"
2020,0.571428571428571,"edge density","Eureka"
2020,7,"number of fisheries","Eureka"
2020,0.571428571428571,"edge density","Morro Bay"
2020,8,"number of fisheries","Morro Bay"
2020,0.466666666666667,"edge density","Fort Bragg"
2020,6,"number of fisheries","Fort Bragg"
2020,1,"edge density","Bodega Bay"
2020,4,"number of fisheries","Bodega Bay"
2020,0.571428571428571,"edge density","San Francisco"
2020,7,"number of fisheries","San Francisco"
2020,0.722222222222222,"edge density","San Diego"
2020,9,"number of fisheries","San Diego"
2020,0.571428571428571,"edge density","Monterey"
2020,8,"number of fisheries","Monterey"
2020,0.666666666666667,"edge density","Santa Barbara"
2020,10,"number of fisheries","Santa Barbara"
2020,0.622222222222222,"edge density","Los Angeles"
2020,10,"number of fisheries","Los Angeles"
2021,0.333333333333333,"edge density","Puget Sound"
2021,9,"number of fisheries","Puget Sound"
2021,0.285714285714286,"edge density","North WA Coast"
2021,7,"number of fisheries","North WA Coast"
2021,0.6,"edge density","WA Coast"
2021,5,"number of fisheries","WA Coast"
2021,0.6,"edge density","WA Coast"
2021,5,"number of fisheries","WA Coast"
2021,0.809523809523809,"edge density","Astoria"
2021,7,"number of fisheries","Astoria"
2021,0.6,"edge density","Tillamook"
2021,6,"number of fisheries","Tillamook"
2021,0.857142857142857,"edge density","Newport"
2021,7,"number of fisheries","Newport"
2021,0.571428571428571,"edge density","Coos Bay"
2021,7,"number of fisheries","Coos Bay"
2021,0.866666666666667,"edge density","Brookings"
2021,6,"number of fisheries","Brookings"
2021,0.7,"edge density","Crescent City"
2021,5,"number of fisheries","Crescent City"
2021,0.8,"edge density","Eureka"
2021,5,"number of fisheries","Eureka"
2021,0.5,"edge density","Morro Bay"
2021,8,"number of fisheries","Morro Bay"
2021,0.733333333333333,"edge density","Fort Bragg"
2021,6,"number of fisheries","Fort Bragg"
2021,0.833333333333333,"edge density","Bodega Bay"
2021,4,"number of fisheries","Bodega Bay"
2021,0.7,"edge density","San Francisco"
2021,5,"number of fisheries","San Francisco"
2021,0.694444444444444,"edge density","San Diego"
2021,9,"number of fisheries","San Diego"
2021,0.714285714285714,"edge density","Monterey"
2021,8,"number of fisheries","Monterey"
2021,0.638888888888889,"edge density","Santa Barbara"
2021,9,"number of fisheries","Santa Barbara"
2021,0.694444444444444,"edge density","Los Angeles"
2021,9,"number of fisheries","Los Angeles"
2022,0.25,"edge density","Puget Sound"
2022,9,"number of fisheries","Puget Sound"
2022,0.266666666666667,"edge density","North WA Coast"
2022,6,"number of fisheries","North WA Coast"
2022,0.666666666666667,"edge density","WA Coast"
2022,7,"number of fisheries","WA Coast"
2022,0.666666666666667,"edge density","WA Coast"
2022,7,"number of fisheries","WA Coast"
2022,0.857142857142857,"edge density","Astoria"
2022,7,"number of fisheries","Astoria"
2022,0.5,"edge density","Tillamook"
2022,4,"number of fisheries","Tillamook"
2022,0.8,"edge density","Newport"
2022,5,"number of fisheries","Newport"
2022,0.833333333333333,"edge density","Coos Bay"
2022,4,"number of fisheries","Coos Bay"
2022,0.833333333333333,"edge density","Brookings"
2022,4,"number of fisheries","Brookings"
2022,0.666666666666667,"edge density","Crescent City"
2022,4,"number of fisheries","Crescent City"
2022,0.7,"edge density","Eureka"
2022,5,"number of fisheries","Eureka"
2022,0.4,"edge density","Morro Bay"
2022,6,"number of fisheries","Morro Bay"
2022,0.533333333333333,"edge density","Fort Bragg"
2022,6,"number of fisheries","Fort Bragg"
2022,0.523809523809524,"edge density","Bodega Bay"
2022,7,"number of fisheries","Bodega Bay"
2022,0.8,"edge density","San Francisco"
2022,6,"number of fisheries","San Francisco"
2022,0.545454545454545,"edge density","San Diego"
2022,11,"number of fisheries","San Diego"
2022,0.583333333333333,"edge density","Monterey"
2022,9,"number of fisheries","Monterey"
2022,0.805555555555556,"edge density","Santa Barbara"
2022,9,"number of fisheries","Santa Barbara"
2022,0.583333333333333,"edge density","Los Angeles"
2022,9,"number of fisheries","Los Angeles"
2023,0.138888888888889,"edge density","Puget Sound"
2023,9,"number of fisheries","Puget Sound"
2023,0.380952380952381,"edge density","North WA Coast"
2023,7,"number of fisheries","North WA Coast"
2023,0.666666666666667,"edge density","WA Coast"
2023,6,"number of fisheries","WA Coast"
2023,0.666666666666667,"edge density","WA Coast"
2023,6,"number of fisheries","WA Coast"
2023,0.857142857142857,"edge density","Astoria"
2023,7,"number of fisheries","Astoria"
2023,0.5,"edge density","Tillamook"
2023,4,"number of fisheries","Tillamook"
2023,0.571428571428571,"edge density","Newport"
2023,7,"number of fisheries","Newport"
2023,0.428571428571429,"edge density","Coos Bay"
2023,7,"number of fisheries","Coos Bay"
2023,0.833333333333333,"edge density","Brookings"
2023,4,"number of fisheries","Brookings"
2023,0.6,"edge density","Crescent City"
2023,5,"number of fisheries","Crescent City"
2023,0.7,"edge density","Eureka"
2023,5,"number of fisheries","Eureka"
2023,0.380952380952381,"edge density","Morro Bay"
2023,7,"number of fisheries","Morro Bay"
2023,0.666666666666667,"edge density","Fort Bragg"
2023,4,"number of fisheries","Fort Bragg"
2023,0.5,"edge density","Bodega Bay"
2023,5,"number of fisheries","Bodega Bay"
2023,0.9,"edge density","San Francisco"
2023,5,"number of fisheries","San Francisco"
2023,0.678571428571429,"edge density","San Diego"
2023,8,"number of fisheries","San Diego"
2023,0.428571428571429,"edge density","Monterey"
2023,8,"number of fisheries","Monterey"
2023,0.75,"edge density","Santa Barbara"
2023,8,"number of fisheries","Santa Barbara"
2023,0.5,"edge density","Los Angeles"
2023,9,"number of fisheries","Los Angeles"
